-- phpMyAdmin SQL Dump
-- version 4.7.0
-- https://www.phpmyadmin.net/
--
-- Host: 127.0.0.1
-- Generation Time: Nov 26, 2018 at 02:13 AM
-- Server version: 10.1.26-MariaDB
-- PHP Version: 7.1.8

SET SQL_MODE = "NO_AUTO_VALUE_ON_ZERO";
SET AUTOCOMMIT = 0;
START TRANSACTION;
SET time_zone = "+00:00";


/*!40101 SET @OLD_CHARACTER_SET_CLIENT=@@CHARACTER_SET_CLIENT */;
/*!40101 SET @OLD_CHARACTER_SET_RESULTS=@@CHARACTER_SET_RESULTS */;
/*!40101 SET @OLD_COLLATION_CONNECTION=@@COLLATION_CONNECTION */;
/*!40101 SET NAMES utf8mb4 */;

--
-- Database: `data`
--

-- --------------------------------------------------------

--
-- Table structure for table `distsort`
--

CREATE TABLE `distsort` (
  `school_id` varchar(20) NOT NULL,
  `dist` double NOT NULL
) ENGINE=InnoDB DEFAULT CHARSET=latin1;

-- --------------------------------------------------------

--
-- Table structure for table `fee`
--

CREATE TABLE `fee` (
  `school_id` varchar(50) DEFAULT NULL,
  `class` varchar(50) DEFAULT NULL,
  `transp` int(11) DEFAULT NULL,
  `reg` int(11) DEFAULT NULL,
  `adm` int(11) DEFAULT NULL,
  `annual` int(11) DEFAULT NULL,
  `moreinfo` varchar(200) DEFAULT NULL
) ENGINE=InnoDB DEFAULT CHARSET=latin1;

--
-- Dumping data for table `fee`
--

INSERT INTO `fee` (`school_id`, `class`, `transp`, `reg`, `adm`, `annual`, `moreinfo`) VALUES
('GU1860', 'playway', 10000, 2500, 9, 108250, 'http://s3.ap-south-1.amazonaws.com/schoolconnects.in/files/schooldocs/WhatsApp%20Image%202017-08-29%20at%206.57.05%20PM.jpeg'),
('GU1860', 'primary', 10000, 2500, 9000, 109900, 'http://s3.ap-south-1.amazonaws.com/schoolconnects.in/files/schooldocs/WhatsApp%20Image%202017-08-29%20at%206.57.05%20PM.jpeg'),
('GU1860', 'secondary', 10000, 2500, 9000, 112200, 'http://s3.ap-south-1.amazonaws.com/schoolconnects.in/files/schooldocs/WhatsApp%20Image%202017-08-29%20at%206.57.05%20PM.jpeg'),
('GU1860', 'higher', 10000, 2500, 9000, 114700, 'http://s3.ap-south-1.amazonaws.com/schoolconnects.in/files/schooldocs/WhatsApp%20Image%202017-08-29%20at%206.57.05%20PM.jpeg'),
('GU1222', 'playway', 12000, 0, 20000, 57000, 'http://www.bluebells.org/bbms/?page_id=203'),
('GU1222', 'primary', 12000, 0, 20000, 57000, 'http://www.bluebells.org/bbms/?page_id=203'),
('GU1222', 'secondary', 12000, 0, 20000, 57000, 'http://www.bluebells.org/bbms/?page_id=203'),
('GU1222', 'higher', 12000, 0, 20000, 57000, 'http://www.bluebells.org/bbms/?page_id=203'),
('GU1694', 'playway', 14040, 1000, 85000, 138363, 'http://www.dpsgurgaon.org/page.php?catID=68'),
('GU1694', 'primary', 14040, 1000, 85000, 138363, 'http://www.dpsgurgaon.org/page.php?catID=68'),
('GU1694', 'secondary', 14040, 1000, 85000, 138363, 'http://www.dpsgurgaon.org/page.php?catID=68'),
('GU1694', 'higher', 14040, 1000, 85000, 141663, 'http://www.dpsgurgaon.org/page.php?catID=68'),
('GU700', 'playway', 15000, 1500, 35000, 165000, 'http://shikshantarschool.com/admission/fee-structure/'),
('GU700', 'primary', 15000, 1500, 45000, 175000, 'http://shikshantarschool.com/admission/fee-structure/'),
('GU700', 'secondary', 15000, 1500, 50000, 180000, 'http://shikshantarschool.com/admission/fee-structure/'),
('GU700', 'higher', 15000, 1500, 50000, 185000, 'http://shikshantarschool.com/admission/fee-structure/'),
('GU1053', 'playway', 0, 1500, 75000, 118752, 'http://www.suncityschool.in/suncity-school/fee-structure.php'),
('GU1053', 'primary', 0, 1500, 75000, 147540, 'http://www.suncityschool.in/suncity-school/fee-structure.php'),
('GU1053', 'secondary', 0, 1500, 75000, 147540, 'http://www.suncityschool.in/suncity-school/fee-structure.php'),
('GU1053', 'higher', 0, 1500, 75000, 191136, 'http://www.suncityschool.in/suncity-school/fee-structure.php'),
('GU1718', 'playway', 19440, 2500, 0, 84000, ''),
('GU1718', 'primary', 19440, 2500, 0, 92000, ''),
('GU1718', 'secondary', 19440, 2500, 0, 116000, ''),
('GU1718', 'higher', 0, 2500, 0, 122000, ''),
('GU767', 'playway', 0, 1000, 10000, 200000, 'http://www.shriramglobalschool.org/pdf/fee-2.pdf'),
('GU767', 'primary', 0, 1000, 10000, 200000, 'http://www.shriramglobalschool.org/pdf/fee-2.pdf'),
('GU767', 'secondary', 0, 1000, 10000, 200000, 'http://www.shriramglobalschool.org/pdf/fee-2.pdf'),
('GU767', 'higher', 0, 1000, 10000, 254500, 'http://www.shriramglobalschool.org/pdf/fee-2.pdf'),
('GU599', 'playway', 24200, 5000, 0, 53900, 'http://www.dpsiedge.edu.in/upload/2018/Feb/469010-1519207482.pdf'),
('GU599', 'primary', 24200, 5000, 0, 62700, 'http://www.dpsiedge.edu.in/upload/2018/Feb/469010-1519207482.pdf'),
('GU599', 'secondary', 24200, 5000, 0, 62700, 'http://www.dpsiedge.edu.in/upload/2018/Feb/469010-1519207482.pdf'),
('GU599', 'higher', 24200, 5000, 0, 105000, 'http://www.dpsiedge.edu.in/upload/2018/Feb/469010-1519207482.pdf'),
('GU1795', 'playway', 21000, 10000, 50000, 240000, 'http://www.amityglobalschool.com/noida/pdf/Fee-structure.pdf'),
('GU1795', 'primary', 21000, 10000, 50000, 300000, 'http://www.amityglobalschool.com/noida/pdf/Fee-structure.pdf'),
('GU1795', 'secondary', 21000, 10000, 50000, 378000, 'http://www.amityglobalschool.com/noida/pdf/Fee-structure.pdf'),
('GU1795', 'higher', 21000, 10000, 50000, 385000, 'http://www.amityglobalschool.com/noida/pdf/Fee-structure.pdf'),
('GU516', 'playway', 0, 2000, 50000, 82140, 'https://www.scottishigh.com/admissions/fee-structure/'),
('GU516', 'primary', 0, 2000, 50000, 79396, 'https://www.scottishigh.com/admissions/fee-structure/'),
('GU516', 'secondary', 0, 2000, 50000, 165596, 'https://www.scottishigh.com/admissions/fee-structure/'),
('GU516', 'higher', 0, 2000, 50000, 217144, 'https://www.scottishigh.com/admissions/fee-structure/'),
('GU1958', 'playway', 10000, 1000, 5000, 22905, 'http://www.shalomhills.com/fee-structure.html'),
('GU1958', 'primary', 10000, 1000, 5000, 22905, 'http://www.shalomhills.com/fee-structure.html'),
('GU1958', 'secondary', 10000, 1000, 5000, 23866, 'http://www.shalomhills.com/fee-structure.html'),
('GU1958', 'higher', 10000, 1000, 5000, 24196, 'http://www.shalomhills.com/fee-structure.html'),
('GU1320', 'playway', 11500, 7000, 30000, 104800, 'https://shivnadarschool.edu.in/website/wp-content/uploads/2014/08/Fee-Structure_15-16_SNS_Gurgaon.pdf'),
('GU1320', 'primary', 11500, 7000, 30000, 130800, 'https://shivnadarschool.edu.in/website/wp-content/uploads/2014/08/Fee-Structure_15-16_SNS_Gurgaon.pdf'),
('GU1320', 'secondary', 11500, 7000, 30000, 146000, 'https://shivnadarschool.edu.in/website/wp-content/uploads/2014/08/Fee-Structure_15-16_SNS_Gurgaon.pdf'),
('GU1320', 'higher', 11500, 7000, 30000, 146000, 'https://shivnadarschool.edu.in/website/wp-content/uploads/2014/08/Fee-Structure_15-16_SNS_Gurgaon.pdf'),
('GH943', 'playway', 0, 1000, 65000, 94000, 'http://jaipuria.edu.in/ghaziabadschool/wp-content/blogs.dir/5/files/2018/06/Statement-of-Fee-2018-19.pdf'),
('GH943', 'primary', 0, 1000, 65000, 97200, 'http://jaipuria.edu.in/ghaziabadschool/wp-content/blogs.dir/5/files/2018/06/Statement-of-Fee-2018-19.pdf'),
('GH943', 'secondary', 0, 1000, 65000, 101200, 'http://jaipuria.edu.in/ghaziabadschool/wp-content/blogs.dir/5/files/2018/06/Statement-of-Fee-2018-19.pdf'),
('GH943', 'higher', 0, 1000, 65000, 102920, 'http://jaipuria.edu.in/ghaziabadschool/wp-content/blogs.dir/5/files/2018/06/Statement-of-Fee-2018-19.pdf'),
('GH1494', 'playway', 0, 1100, 35500, 117864, 'https://www.khaitanpublicschool.com/fee-details.html'),
('GH1494', 'primary', 0, 1100, 40500, 117536, 'https://www.khaitanpublicschool.com/fee-details.html'),
('GH1494', 'secondary', 0, 1100, 40500, 113088, 'https://www.khaitanpublicschool.com/fee-details.html'),
('GH1494', 'higher', 0, 1100, 40500, 127844, 'https://www.khaitanpublicschool.com/fee-details.html'),
('GH1756', 'playway', 15600, 1000, 6025, 29880, 'http://sahib.stthomasghaziabad.org/userfiles/downloads/fee2018.pdf'),
('GH1756', 'primary', 15600, 1000, 6025, 29460, 'http://sahib.stthomasghaziabad.org/userfiles/downloads/fee2018.pdf'),
('GH1756', 'secondary', 15600, 1000, 6025, 31380, 'http://sahib.stthomasghaziabad.org/userfiles/downloads/fee2018.pdf'),
('GH1756', 'higher', 15600, 1000, 7650, 40200, 'http://sahib.stthomasghaziabad.org/userfiles/downloads/fee2018.pdf'),
('GH1343', 'playway', 20160, 0, 0, 52536, 'http://www.indirapuramschool.com/class/download.doc.php?file=1526470140.pdf'),
('GH1343', 'primary', 20160, 0, 0, 46740, 'http://www.indirapuramschool.com/class/download.doc.php?file=1526470140.pdf'),
('GH1343', 'secondary', 20160, 0, 0, 52068, 'http://www.indirapuramschool.com/class/download.doc.php?file=1526470140.pdf'),
('GH1343', 'higher', 20160, 0, 0, 59124, 'http://www.indirapuramschool.com/class/download.doc.php?file=1526470140.pdf'),
('GH1932', 'playway', 33600, 2000, 45000, 118800, 'https://mydpsg-my.sharepoint.com/:x:/r/personal/shivani_saxena_dpsgs_org/_layouts/15/Doc.aspx?sourcedoc=%7B44a29c74-4c22-4cf0-9c8a-3f08387782b4%7D&action=default'),
('GH1932', 'primary', 33600, 2000, 45000, 118800, 'https://mydpsg-my.sharepoint.com/:x:/r/personal/shivani_saxena_dpsgs_org/_layouts/15/Doc.aspx?sourcedoc=%7B44a29c74-4c22-4cf0-9c8a-3f08387782b4%7D&action=default'),
('GH1932', 'secondary', 33600, 2000, 45000, 118800, 'https://mydpsg-my.sharepoint.com/:x:/r/personal/shivani_saxena_dpsgs_org/_layouts/15/Doc.aspx?sourcedoc=%7B44a29c74-4c22-4cf0-9c8a-3f08387782b4%7D&action=default'),
('GH1932', 'higher', 33600, 2000, 45000, 118800, 'https://mydpsg-my.sharepoint.com/:x:/r/personal/shivani_saxena_dpsgs_org/_layouts/15/Doc.aspx?sourcedoc=%7B44a29c74-4c22-4cf0-9c8a-3f08387782b4%7D&action=default'),
('GH1513', 'playway', 16800, 0, 36818, 89124, 'http://ip.cambridgeschool.edu.in/statement-of-fee-for-the-year-2018-19/'),
('GH1513', 'primary', 16800, 0, 24059, 69939, 'http://ip.cambridgeschool.edu.in/statement-of-fee-for-the-year-2018-19/'),
('GH1513', 'secondary', 16800, 0, 24014, 68062, 'http://ip.cambridgeschool.edu.in/statement-of-fee-for-the-year-2018-19/'),
('GH1513', 'higher', 16800, 0, 24018, 69002, 'http://ip.cambridgeschool.edu.in/statement-of-fee-for-the-year-2018-19/'),
('GH1918', 'playway', 0, 0, 35000, 57600, 'http://www.modernschoolgz.com/fee-structure/'),
('GH1918', 'primary', 0, 0, 35000, 58800, 'http://www.modernschoolgz.com/fee-structure/'),
('GH1918', 'secondary', 0, 0, 35000, 61200, 'http://www.modernschoolgz.com/fee-structure/'),
('GH933', 'playway', 19250, 200, 8500, 37200, 'http://ccdps.in/pages/pdf_files/FEESTRU2019-20.pdf'),
('GH933', 'primary', 18150, 300, 9000, 43400, 'http://ccdps.in/pages/pdf_files/FEESTRU2019-20.pdf'),
('GH933', 'secondary', 18150, 300, 9000, 46400, 'http://ccdps.in/pages/pdf_files/FEESTRU2019-20.pdf'),
('GH933', 'higher', 18150, 300, 10000, 51700, 'http://ccdps.in/pages/pdf_files/FEESTRU2019-20.pdf'),
('GH1164', 'playway', 0, 0, 0, 18000, 'http://www.jkgschool.com/jkgi/Fees%20Structure%202018-19_new.pdf'),
('GH1164', 'primary', 0, 0, 0, 17649, 'http://www.jkgschool.com/jkgi/Fees%20Structure%202018-19_new.pdf'),
('GH1164', 'secondary', 0, 0, 0, 18249, 'http://www.jkgschool.com/jkgi/Fees%20Structure%202018-19_new.pdf'),
('GH1164', 'higher', 0, 0, 0, 20601, 'http://www.jkgschool.com/jkgi/Fees%20Structure%202018-19_new.pdf'),
('GH1216', 'playway', 0, 1000, 35000, 46200, 'http://www.ralliinternationalschool.com/school.aspx'),
('GH1216', 'primary', 0, 1000, 35000, 48600, 'http://www.ralliinternationalschool.com/school.aspx'),
('GH1216', 'secondary', 0, 1000, 35000, 51000, 'http://www.ralliinternationalschool.com/school.aspx'),
('GH1216', 'higher', 0, 1000, 35000, 55200, 'http://www.ralliinternationalschool.com/school.aspx'),
('GH1657', 'playway', 2, 1, 0, 123328, 'https://www.dpsindirapuram.com/page.php?PAGE=53'),
('GH1657', 'primary', 2500, 120000, 0, 123328, 'https://www.dpsindirapuram.com/page.php?PAGE=53'),
('GH1657', 'secondary', 2500, 120000, 0, 123328, 'https://www.dpsindirapuram.com/page.php?PAGE=53'),
('GH1657', 'higher', 2500, 120000, 0, 123328, 'https://www.dpsindirapuram.com/page.php?PAGE=53'),
('GH637', 'playway', 1000, 85000, 14040, 38363, ''),
('GH637', 'primary', 1000, 85000, 14040, 38363, ''),
('GH637', 'secondary', 1000, 85000, 14040, 38363, ''),
('GH637', 'higher', 1000, 85000, 14040, 41663, ''),
('GH1483', 'playway', 500, 3000, 0, 24000, 'http://cshpschool.com/fee-structure/'),
('GH1483', 'primary', 500, 3400, 0, 32400, 'http://cshpschool.com/fee-structure/'),
('GH1483', 'secondary', 500, 12500, 0, 43200, 'http://cshpschool.com/fee-structure/'),
('GH1483', 'higher', 500, 12500, 0, 45600, 'http://cshpschool.com/fee-structure/'),
('GH874', 'playway', 1500, 0, 0, 0, ''),
('GH874', 'primary', 1500, 0, 0, 0, ''),
('GH874', 'secondary', 1500, 0, 0, 0, ''),
('GH874', 'higher', 1500, 0, 0, 0, ''),
('GH965', 'playway', 2500, 0, 0, 0, ''),
('GH965', 'primary', 2500, 0, 0, 0, ''),
('GH965', 'secondary', 2500, 0, 0, 0, ''),
('GH965', 'higher', 2500, 0, 0, 0, ''),
('GH1302', 'playway', 1000, 10000, 0, 200000, ''),
('GH1302', 'primary', 1000, 10000, 0, 200000, ''),
('GH1302', 'secondary', 1000, 10000, 0, 200000, ''),
('GH1302', 'higher', 1000, 10000, 0, 254500, ''),
('GH1606', 'playway', 5000, 0, 24200, 43900, ''),
('GH1606', 'primary', 5000, 0, 24200, 52700, ''),
('GH1606', 'secondary', 5000, 0, 24200, 52700, ''),
('GH1606', 'higher', 5000, 0, 24200, 85000, ''),
('GH618', 'playway', 10000, 0, 10648, 97360, 'http://www.gdgoenkagzb.com/fee/'),
('GH618', 'primary', 10000, 0, 10648, 178000, 'http://www.gdgoenkagzb.com/fee/'),
('GH618', 'secondary', 10000, 0, 10648, 178000, 'http://www.gdgoenkagzb.com/fee/'),
('GH618', 'higher', 10000, 0, 10648, 178000, 'http://www.gdgoenkagzb.com/fee/'),
('GH1581', 'playway', 0, 0, 0, 0, ''),
('GH1581', 'primary', 0, 0, 0, 0, ''),
('GH1581', 'secondary', 0, 0, 0, 0, ''),
('GH1581', 'higher', 0, 0, 0, 0, ''),
('GU1672', 'primary', 5000, 25000, 12000, 102000, 'http://www.kiitworld.in/FeeSchedule'),
('GU1672', 'secondary', 5000, 25000, 12000, 112000, 'http://www.kiitworld.in/FeeSchedule'),
('GU1672', 'higher', 5000, 25000, 12000, 125000, 'http://www.kiitworld.in/FeeSchedule'),
('GU1346', 'playway', 10000, 0, 15000, 90000, 'https://www.ajantapublicschool.org/content.aspx?enc=cGFnZT0xMg=='),
('GU1346', 'primary', 10000, 0, 15000, 100000, 'https://www.ajantapublicschool.org/content.aspx?enc=cGFnZT0xMg=='),
('GU1346', 'secondary', 10000, 0, 15000, 100000, 'https://www.ajantapublicschool.org/content.aspx?enc=cGFnZT0xMg=='),
('GU1346', 'higher', 10000, 0, 15000, 110000, 'https://www.ajantapublicschool.org/content.aspx?enc=cGFnZT0xMg=='),
('GU912', 'primary', 5000, 10000, 21500, 74260, 'https://krmangalam.com/gurugram/'),
('GU912', 'playway', 5000, 10000, 21500, 81000, 'https://krmangalam.com/gurugram/'),
('GU912', 'secondary', 5000, 10000, 21500, 84500, 'https://krmangalam.com/gurugram/'),
('GU912', 'higher', 5000, 35000, 21500, 95000, 'https://krmangalam.com/gurugram/'),
('GU1455', 'playway', 0, 0, 0, 0, ''),
('GU1455', 'primary', 0, 0, 0, 0, ''),
('GU1455', 'secondary', 0, 0, 0, 0, ''),
('GU1455', 'higher', 0, 0, 0, 0, ''),
('GU921', 'playway', 4000, 0, 16000, 89000, ''),
('GU921', 'primary', 4000, 0, 16000, 91000, ''),
('GU921', 'secondary', 4000, 15000, 16000, 91000, ''),
('GU921', 'higher', 4000, 42000, 16000, 102000, ''),
('GU1462', 'playway', 5000, 0, 0, 0, 'https://www.ajantapublicschool.org/content.aspx?enc=cGFnZT0xMg=='),
('GU1462', 'primary', 5000, 0, 0, 0, 'https://www.ajantapublicschool.org/content.aspx?enc=cGFnZT0xMg=='),
('GU1462', 'secondary', 5000, 0, 0, 0, 'https://www.ajantapublicschool.org/content.aspx?enc=cGFnZT0xMg=='),
('GU1462', 'higher', 5000, 0, 0, 0, 'https://www.ajantapublicschool.org/content.aspx?enc=cGFnZT0xMg=='),
('GU1744', 'playway', 2000, 10000, 14000, 102000, ''),
('GU1744', 'primary', 2000, 10000, 14000, 104000, ''),
('GU1744', 'secondary', 2000, 10000, 14000, 108000, ''),
('GU1744', 'higher', 2000, 10000, 14000, 114000, ''),
('GU928', 'playway', 500, 9500, 15600, 54250, 'https://www.gurugramschool.in/fee-structure.php'),
('GU928', 'primary', 500, 9500, 15600, 53800, 'https://www.gurugramschool.in/fee-structure.php'),
('GU928', 'secondary', 500, 9500, 15600, 54300, 'https://www.gurugramschool.in/fee-structure.php'),
('GU928', 'higher', 500, 9500, 15600, 57300, 'https://www.gurugramschool.in/fee-structure.php'),
('GU1049', 'playway', 0, 0, 0, 0, ''),
('GU1049', 'primary', 0, 0, 0, 0, ''),
('GU1049', 'secondary', 0, 0, 0, 0, ''),
('GU1049', 'higher', 0, 0, 0, 0, ''),
('GU1198', 'playway', 10000, 0, 18450, 89000, ''),
('GU1198', 'primary', 10000, 0, 18450, 89000, ''),
('GU1198', 'secondary', 10000, 0, 18450, 103430, ''),
('GU1198', 'higher', 10000, 0, 18450, 107500, ''),
('GU752', 'playway', 0, 15000, 10500, 81540, ''),
('GU752', 'primary', 0, 15000, 10500, 81350, ''),
('GU752', 'secondary', 0, 15000, 10500, 96870, ''),
('GU752', 'higher', 0, 15000, 10500, 98450, ''),
('GU619', 'playway', 0, 0, 0, 0, ''),
('GU619', 'primary', 0, 0, 0, 0, ''),
('GU619', 'secondary', 0, 0, 0, 0, ''),
('GU619', 'higher', 0, 0, 0, 0, ''),
('GU1456', 'playway', 0, 0, 0, 0, ''),
('GU1456', 'primary', 0, 0, 0, 0, ''),
('GU1456', 'secondary', 0, 0, 0, 0, ''),
('GU1456', 'higher', 0, 0, 0, 0, ''),
('DE1219', 'playway', 0, 25, 200, 72000, 'http://nfc.cambridgeschool.edu.in/fees/'),
('DE1219', 'primary', 0, 25, 200, 58200, 'http://nfc.cambridgeschool.edu.in/fees/'),
('DE1219', 'secondary', 0, 25, 200, 58200, 'http://nfc.cambridgeschool.edu.in/fees/'),
('DE1219', 'higher', 0, 25, 200, 58200, 'http://nfc.cambridgeschool.edu.in/fees/'),
('DE945', 'playway', 0, 0, 0, 0, ''),
('DE945', 'primary', 0, 0, 0, 0, ''),
('DE945', 'secondary', 0, 0, 0, 0, ''),
('DE945', 'higher', 0, 0, 0, 0, ''),
('DE524', 'playway', 0, 0, 0, 0, ''),
('DE524', 'primary', 0, 0, 0, 0, ''),
('DE524', 'secondary', 0, 0, 0, 0, ''),
('DE524', 'higher', 0, 0, 0, 0, ''),
('DE978', 'playway', 0, 25, 200, 3575, 'http://www.apsdk.com/admission/fee-structure.html'),
('DE978', 'primary', 0, 25, 200, 3575, 'http://www.apsdk.com/admission/fee-structure.html'),
('DE978', 'secondary', 0, 25, 200, 3575, 'http://www.apsdk.com/admission/fee-structure.html'),
('DE978', 'higher', 0, 25, 200, 3575, 'http://www.apsdk.com/admission/fee-structure.html'),
('DE1793', 'playway', 3900, 0, 35000, 91200, 'http://modernschoolec.com/fee-structure/'),
('DE1793', 'primary', 3900, 0, 35000, 93000, 'http://modernschoolec.com/fee-structure/'),
('DE1793', 'secondary', 3900, 0, 50000, 116300, 'http://modernschoolec.com/fee-structure/'),
('DE1793', 'higher', 3900, 0, 50000, 116300, 'http://modernschoolec.com/fee-structure/'),
('DE1330', 'playway', 0, 25, 200, 59220, 'https://bbpsgr.balbharati.org/fee-structure-fee-schedulerules/'),
('DE1330', 'primary', 0, 0, 200, 59220, 'https://bbpsgr.balbharati.org/fee-structure-fee-schedulerules/'),
('DE1330', 'secondary', 0, 0, 200, 68180, 'https://bbpsgr.balbharati.org/fee-structure-fee-schedulerules/'),
('DE1330', 'higher', 0, 0, 200, 68180, 'https://bbpsgr.balbharati.org/fee-structure-fee-schedulerules/'),
('DE796', 'playway', 0, 0, 2100, 3639, 'http://www.spsmayurvihar.com/fee.html'),
('DE796', 'primary', 0, 0, 2130, 3639, 'http://www.spsmayurvihar.com/fee.html'),
('DE796', 'secondary', 0, 0, 2130, 4149, 'http://www.spsmayurvihar.com/fee.html'),
('DE796', 'higher', 0, 0, 2130, 4149, 'http://www.spsmayurvihar.com/fee.html'),
('DE792', 'playway', 3000, 25, 200, 109200, 'https://dpsmathuraroad.org/fees.php'),
('DE792', 'primary', 3000, 25, 200, 106800, 'https://dpsmathuraroad.org/fees.php'),
('DE792', 'secondary', 3000, 25, 200, 106800, 'https://dpsmathuraroad.org/fees.php'),
('DE792', 'higher', 3000, 25, 200, 106800, 'https://dpsmathuraroad.org/fees.php'),
('DE1435', 'playway', 0, 0, 100, 4326, 'https://www.faithacademy.in/fee-structure_2.php'),
('DE1435', 'primary', 0, 0, 100, 4326, 'https://www.faithacademy.in/fee-structure_2.php'),
('DE1435', 'secondary', 0, 0, 100, 4326, 'https://www.faithacademy.in/fee-structure_2.php'),
('DE1435', 'higher', 0, 0, 100, 4326, 'https://www.faithacademy.in/fee-structure_2.php'),
('DE1109', 'playway', 0, 0, 0, 157756, 'http://www.sanskritischool.edu.in/admissions/fee-structure-2017-18'),
('DE1109', 'primary', 0, 0, 0, 137400, 'http://www.sanskritischool.edu.in/admissions/fee-structure-2017-18'),
('DE1109', 'secondary', 0, 0, 0, 147363, 'http://www.sanskritischool.edu.in/admissions/fee-structure-2017-18'),
('DE1109', 'higher', 0, 0, 0, 139163, 'http://www.sanskritischool.edu.in/admissions/fee-structure-2017-18'),
('NO1576', 'playway', 1700, 0, 37000, 81276, 'http://vbpsnoida.com/pdf/005.pdf'),
('NO1576', 'primary', 1700, 0, 37000, 77256, 'http://vbpsnoida.com/pdf/005.pdf'),
('NO1576', 'secondary', 1700, 0, 37000, 78696, 'http://vbpsnoida.com/pdf/005.pdf'),
('NO1576', 'higher', 1700, 0, 37000, 77976, 'http://vbpsnoida.com/pdf/005.pdf'),
('NO1088', 'playway', 4800, 0, 0, 104400, 'http://thekhaitanschool.org/admissions/fees-structure/'),
('NO1088', 'primary', 4800, 0, 35000, 106600, 'http://thekhaitanschool.org/admissions/fees-structure/'),
('NO1088', 'secondary', 4800, 0, 0, 106600, 'http://thekhaitanschool.org/admissions/fees-structure/'),
('NO1088', 'higher', 4800, 0, 0, 108900, 'http://thekhaitanschool.org/admissions/fees-structure/'),
('NO1280', 'playway', 7970, 0, 61000, 112470, 'http://billabonghighschoolnoida.com/wp-content/uploads/2018/07/G-I-II-BBH-FEE_STRUCTRE_2018-2019.pdf'),
('NO1280', 'primary', 7970, 0, 61000, 123495, 'http://billabonghighschoolnoida.com/wp-content/uploads/2018/07/G-VI-TO-VIII-BBH-FEE_STRUCTRE_2018-2019.pdf'),
('NO1280', 'secondary', 7970, 0, 61000, 126135, 'http://billabonghighschoolnoida.com/wp-content/uploads/2018/07/G-X-BBH-FEE_STRUCTRE_2018-2019.pdf'),
('NO1280', 'higher', 7970, 0, 61000, 119205, 'http://billabonghighschoolnoida.com/wp-content/uploads/2018/07/G-XI-XII-BBH-FEE_STRUCTRE_2018-2019.pdf'),
('NO1927', 'playway', 2900, 0, 66000, 116000, 'http://www.mayoornoida.net/images/fee-structure.pdf'),
('NO1927', 'primary', 2900, 0, 66000, 116000, 'http://www.mayoornoida.net/images/fee-structure.pdf'),
('NO1927', 'secondary', 2900, 0, 66000, 116000, 'http://www.mayoornoida.net/images/fee-structure.pdf'),
('NO1927', 'higher', 2900, 0, 66000, 115000, 'http://www.mayoornoida.net/images/fee-structure.pdf'),
('NO1576', 'playway', 0, 200, 20000, 24000, 'http://assisinoida.com/admission/fee-structure'),
('NO1576', 'primary', 0, 200, 20000, 22320, 'http://assisinoida.com/admission/fee-structure'),
('NO1576', 'secondary', 0, 200, 20000, 23220, 'http://assisinoida.com/admission/fee-structure'),
('NO1576', 'higher', 0, 200, 20000, 29460, 'http://assisinoida.com/admission/fee-structure'),
('NO1407', 'playway', 0, 0, 0, 0, 'http://www.somervillenoida.in/infrastructure.aspx'),
('NO1407', 'primary', 0, 0, 0, 0, 'http://www.somervillenoida.in/infrastructure.aspx'),
('NO1407', 'secondary', 0, 0, 0, 0, 'http://www.somervillenoida.in/infrastructure.aspx'),
('NO1407', 'higher', 0, 0, 0, 0, 'http://www.somervillenoida.in/infrastructure.aspx'),
('NO749', 'playway', 1450, 800, 15000, 69345, 'http://noida.cambridgeschool.edu.in/wp-content/uploads/sites/4/2018/07/Fee-Structure-2018-2019.pdf'),
('NO749', 'primary', 1450, 800, 15000, 69345, 'http://noida.cambridgeschool.edu.in/wp-content/uploads/sites/4/2018/07/Fee-Structure-2018-2019.pdf'),
('NO749', 'secondary', 1450, 800, 15000, 71462, 'http://noida.cambridgeschool.edu.in/wp-content/uploads/sites/4/2018/07/Fee-Structure-2018-2019.pdf'),
('NO749', 'higher', 1450, 800, 15000, 80245, 'http://noida.cambridgeschool.edu.in/wp-content/uploads/sites/4/2018/07/Fee-Structure-2018-2019.pdf'),
('NO861', 'playway', 0, 0, 0, 0, 'http://www.lotusvalley.com/academic-curriculum.php'),
('NO861', 'primary', 0, 0, 0, 0, 'http://www.lotusvalley.com/academic-curriculum.php'),
('NO861', 'secondary', 0, 0, 0, 0, 'http://www.lotusvalley.com/academic-curriculum.php'),
('NO861', 'higher', 0, 0, 0, 0, 'http://www.lotusvalley.com/academic-curriculum.php'),
('NO1470', 'playway', 0, 0, 5000, 72720, 'http://apsnoida.edu.in/?page_id=83'),
('NO1470', 'primary', 0, 0, 5000, 78852, 'http://apsnoida.edu.in/?page_id=83'),
('NO1470', 'secondary', 0, 0, 5000, 78852, 'http://apsnoida.edu.in/?page_id=83'),
('NO1470', 'higher', 0, 0, 5000, 91992, 'http://apsnoida.edu.in/?page_id=83'),
('NO1201', 'playway', 0, 0, 0, 77640, 'http://www.noidapublicschool.com/fee-structure.html'),
('NO1201', 'primary', 0, 0, 0, 77640, 'http://www.noidapublicschool.com/fee-structure.html'),
('NO1201', 'secondary', 0, 0, 0, 78300, 'http://www.noidapublicschool.com/fee-structure.html'),
('NO1201', 'higher', 0, 0, 0, 78300, 'http://www.noidapublicschool.com/fee-structure.html'),
('NO535', 'playway', 2100, 1500, 30000, 102000, 'http://dpsnoida.co.in/files/editor/Fee%20structure.pdf'),
('NO535', 'primary', 2100, 1500, 30000, 94800, 'http://dpsnoida.co.in/files/editor/Fee%20structure.pdf'),
('NO535', 'secondary', 2100, 1500, 30000, 94800, 'http://dpsnoida.co.in/files/editor/Fee%20structure.pdf'),
('NO535', 'higher', 2100, 1500, 30000, 94800, 'http://dpsnoida.co.in/files/editor/Fee%20structure.pdf'),
('NO524', 'playway', 0, 0, 12777, 211198, 'http://www.dpsgbn.com/fee-structure-academic-year-2018-2019'),
('NO524', 'primary', 0, 0, 12777, 211198, 'http://www.dpsgbn.com/fee-structure-academic-year-2018-2019'),
('NO524', 'secondary', 0, 0, 12777, 211198, 'http://www.dpsgbn.com/fee-structure-academic-year-2018-2019'),
('NO524', 'higher', 0, 0, 12777, 211198, 'http://www.dpsgbn.com/fee-structure-academic-year-2018-2019'),
('NO1231', 'playway', 11072, 63000, 0, 17000, 'http://www.mygiis.org/giisstudentcontract/FeesStructure.aspx?Campus=a1vqn&show=E&NextSess=E&_ga=2.148010366.873593542.1542894772-1027693144.1542894772'),
('NO1231', 'primary', 11072, 63000, 0, 17000, 'http://www.mygiis.org/giisstudentcontract/FeesStructure.aspx?Campus=a1vqn&show=E&NextSess=E&_ga=2.148010366.873593542.1542894772-1027693144.1542894772'),
('NO1231', 'secondary', 11072, 63000, 0, 20000, 'http://www.mygiis.org/giisstudentcontract/FeesStructure.aspx?Campus=a1vqn&show=E&NextSess=E&_ga=2.148010366.873593542.1542894772-1027693144.1542894772'),
('NO1548', 'playway', 1200, 0, 8000, 60120, 'http://davnoida.org/21E10308-FE7C-49C2-9591-C896A6BD9D5C/CMS/Page/Fee-Structure'),
('NO1548', 'primary', 1200, 0, 5025, 67200, 'http://davnoida.org/21E10308-FE7C-49C2-9591-C896A6BD9D5C/CMS/Page/Fee-Structure'),
('NO1548', 'secondary', 1200, 0, 2800, 208800, 'http://davnoida.org/21E10308-FE7C-49C2-9591-C896A6BD9D5C/CMS/Page/Fee-Structure'),
('NO1761', 'playway', 2300, 1500, 50000, 138200, 'http://www.kotharischool.edu.in/pdf/fee-structure.pdf'),
('NO1761', 'primary', 2300, 1500, 50000, 161600, 'http://www.kotharischool.edu.in/pdf/fee-structure.pdf'),
('NO1761', 'secondary', 2300, 1500, 50000, 176000, 'http://www.kotharischool.edu.in/pdf/fee-structure.pdf'),
('NO1761', 'higher', 2300, 1500, 50000, 176000, 'http://www.kotharischool.edu.in/pdf/fee-structure.pdf'),
('NO1898', 'playway', 0, 0, 0, 0, 'http://www.gdgoenkanoida.com/primary-level.php'),
('NO1898', 'primary', 0, 0, 0, 0, 'http://www.gdgoenkanoida.com/primary-level.php'),
('NO605', 'playway', 0, 0, 0, 11700, 'http://www.jsspsn.edu.in/fee-policy-n-schedule.aspx'),
('NO605', 'primary', 0, 0, 0, 12600, 'http://www.jsspsn.edu.in/fee-policy-n-schedule.aspx'),
('NO605', 'secondary', 0, 0, 0, 14400, 'http://www.jsspsn.edu.in/fee-policy-n-schedule.aspx'),
('NO605', 'higher', 0, 0, 0, 0, 'http://www.jsspsn.edu.in/fee-policy-n-schedule.aspx'),
('NO1718', 'playway', 3000, 0, 40000, 112800, 'https://www.jbms.in/fee-structure.html'),
('NO1718', 'primary', 3000, 0, 40000, 156000, 'https://www.jbms.in/fee-structure.html'),
('NO1718', 'secondary', 3000, 0, 40000, 162000, 'https://www.jbms.in/fee-structure.html'),
('NO1718', 'higher', 3000, 0, 40000, 162000, 'https://www.jbms.in/fee-structure.html'),
('NO951', 'playway', 26400, 0, 30000, 0, 'https://www.genesisglobalschool.edu.in/admissions/annual-fee-structure'),
('NO951', 'primary', 52800, 0, 30000, 0, 'https://www.genesisglobalschool.edu.in/admissions/annual-fee-structure'),
('NO951', 'secondary', 52800, 0, 30000, 0, 'https://www.genesisglobalschool.edu.in/admissions/annual-fee-structure'),
('NO951', 'higher', 52800, 0, 30000, 0, 'https://www.genesisglobalschool.edu.in/admissions/annual-fee-structure'),
('NO1763', 'playway', 0, 0, 0, 0, 'https://www.lotusvalley.com/'),
('NO1763', 'primary', 0, 0, 0, 0, 'https://www.lotusvalley.com/'),
('NO1763', 'secondary', 0, 0, 0, 0, 'https://www.lotusvalley.com/'),
('NO1763', 'higher', 0, 0, 0, 0, 'https://www.lotusvalley.com/'),
('NO914', 'playway', 0, 0, 0, 6500, 'http://cpsnoida.com/feestructure.aspx'),
('NO914', 'primary', 0, 0, 0, 6500, 'http://cpsnoida.com/feestructure.aspx'),
('NO914', 'secondary', 0, 0, 0, 6500, 'http://cpsnoida.com/feestructure.aspx'),
('NO914', 'higher', 0, 0, 0, 6500, 'http://cpsnoida.com/feestructure.aspx'),
('NO1664', 'playway', 0, 0, 0, 3000, 'http://www.brahmanandaindia.org/fee-structure.html'),
('NO1664', 'primary', 0, 0, 0, 5000, 'http://www.brahmanandaindia.org/fee-structure.html'),
('NO1664', 'secondary', 0, 0, 0, 5000, 'http://www.brahmanandaindia.org/fee-structure.html'),
('NO1664', 'higher', 0, 0, 0, 10000, 'http://www.brahmanandaindia.org/fee-structure.html'),
('NO1679', 'playway', 0, 0, 0, 0, 'http://www.inpschool.com/academics.html'),
('NO1679', 'primary', 0, 0, 0, 0, 'http://www.inpschool.com/academics.html'),
('NO1679', 'secondary', 0, 0, 0, 0, 'http://www.inpschool.com/academics.html'),
('NO1679', 'higher', 0, 0, 0, 0, 'http://www.inpschool.com/academics.html'),
('NO1783', 'playway', 0, 0, 0, 0, 'http://www.fortuneworldschool.com/'),
('NO1783', 'primary', 0, 0, 0, 0, 'http://www.fortuneworldschool.com/'),
('NO1783', 'secondary', 0, 0, 0, 0, 'http://www.fortuneworldschool.com/'),
('NO1783', 'higher', 0, 0, 0, 0, 'http://www.fortuneworldschool.com/'),
('NO987', 'playway', 0, 0, 16000, 128400, 'http://www.jpsnoida.com/pdf/School%20Information.pdf'),
('NO987', 'primary', 0, 0, 16000, 148800, 'http://www.jpsnoida.com/pdf/School%20Information.pdf'),
('NO987', 'secondary', 0, 0, 16000, 148800, 'http://www.jpsnoida.com/pdf/School%20Information.pdf'),
('NO987', 'higher', 0, 0, 16000, 148800, 'http://www.jpsnoida.com/pdf/School%20Information.pdf'),
('NO1547', 'playway', 0, 0, 0, 53500, 'http://jsspsn.edu.in/fee-policy-n-schedule.aspx'),
('NO1547', 'primary', 0, 0, 0, 57100, 'http://jsspsn.edu.in/fee-policy-n-schedule.aspx'),
('NO1547', 'secondary', 0, 0, 0, 68800, 'http://jsspsn.edu.in/fee-policy-n-schedule.aspx'),
('NO1547', 'higher', 0, 0, 0, 0, 'http://jsspsn.edu.in/fee-policy-n-schedule.aspx'),
('NO1844', 'playway', 1550, 0, 0, 131280, 'http://www.indraprasthaschool.com/webaura/igs/temp/uploads/sublinks/430_file.jpg'),
('NO1844', 'primary', 1550, 0, 0, 140580, 'http://www.indraprasthaschool.com/webaura/igs/temp/uploads/sublinks/430_file.jpg'),
('NO1844', 'secondary', 1550, 0, 0, 138000, 'http://www.indraprasthaschool.com/webaura/igs/temp/uploads/sublinks/430_file.jpg'),
('NO1844', 'higher', 1550, 0, 0, 159120, 'http://www.indraprasthaschool.com/webaura/igs/temp/uploads/sublinks/430_file.jpg'),
('NO893', 'playway', 12500, 10000, 50000, 197500, 'http://www.amityglobalschool.com/noida/pdf/Fee-structure.pdf'),
('NO893', 'primary', 12500, 10000, 50000, 227500, 'http://www.amityglobalschool.com/noida/pdf/Fee-structure.pdf'),
('NO893', 'secondary', 12500, 10000, 50000, 272000, 'http://www.amityglobalschool.com/noida/pdf/Fee-structure.pdf'),
('NO893', 'higher', 12500, 10000, 50000, 272750, 'http://www.amityglobalschool.com/noida/pdf/Fee-structure.pdf'),
('NO810', 'playway', 0, 45000, 0, 15500, 'http://www.rgsnoida.com/fees-structure/'),
('NO810', 'primary', 0, 45000, 0, 15275, 'http://www.rgsnoida.com/fees-structure/'),
('NO810', 'secondary', 0, 45000, 0, 16600, 'http://www.rgsnoida.com/fees-structure/'),
('NO810', 'higher', 0, 45000, 0, 17500, 'http://www.rgsnoida.com/fees-structure/'),
('NO1815', 'playway', 0, 0, 0, 26880, 'http://yadupublicschool.com/Fee-Structure-of-Yadu-Public-School.pdf'),
('NO1815', 'primary', 0, 0, 0, 34080, 'http://yadupublicschool.com/Fee-Structure-of-Yadu-Public-School.pdf'),
('NO1815', 'secondary', 0, 0, 0, 41280, 'http://yadupublicschool.com/Fee-Structure-of-Yadu-Public-School.pdf'),
('NO1815', 'higher', 0, 0, 0, 48480, 'http://yadupublicschool.com/Fee-Structure-of-Yadu-Public-School.pdf'),
('DE584', 'playway', 0, 0, 0, 0, 'http://www.pcsdelhi.in/admission-school-fees.aspx'),
('DE584', 'primary', 0, 0, 0, 0, 'http://www.pcsdelhi.in/admission-school-fees.aspx'),
('DE584', 'secondary', 0, 0, 0, 0, 'http://www.pcsdelhi.in/admission-school-fees.aspx'),
('DE584', 'higher', 0, 0, 0, 0, 'http://www.pcsdelhi.in/admission-school-fees.aspx'),
('DE1435', 'playway', 0, 0, 0, 37224, 'https://www.faithacademy.in/fee-structure_2.php'),
('DE1435', 'primary', 0, 0, 0, 37224, 'https://www.faithacademy.in/fee-structure_2.php'),
('DE1435', 'secondary', 0, 0, 0, 37224, 'https://www.faithacademy.in/fee-structure_2.php'),
('DE1435', 'higher', 0, 0, 0, 38928, 'https://www.faithacademy.in/fee-structure_2.php'),
('DE1695', 'playway', 0, 0, 0, 0, 'http://stthomasgirlsschool.com/academic.htm'),
('DE1695', 'primary', 0, 0, 0, 0, 'http://stthomasgirlsschool.com/academic.htm'),
('DE1695', 'secondary', 0, 0, 0, 0, 'http://stthomasgirlsschool.com/academic.htm'),
('DE1695', 'higher', 0, 0, 0, 0, 'http://stthomasgirlsschool.com/academic.htm'),
('NO1160', 'playway', 0, 0, 0, 0, 'http://theardeeschool.com/noida/admissions-fee.html'),
('NO1160', 'primary', 0, 0, 0, 0, 'http://theardeeschool.com/noida/admissions-fee.html'),
('NO1160', 'secondary', 0, 0, 0, 0, 'http://theardeeschool.com/noida/admissions-fee.html'),
('NO1160', 'higher', 0, 0, 0, 0, 'http://theardeeschool.com/noida/admissions-fee.html'),
('NO1577', 'playway', 2000, 950, 30000, 128000, 'http://www.lpsglobal.org/fee-structure-noida-school'),
('NO1577', 'primary', 2000, 950, 30000, 146000, 'http://www.lpsglobal.org/fee-structure-noida-school'),
('NO1577', 'secondary', 2000, 950, 30000, 0, 'http://www.lpsglobal.org/fee-structure-noida-school'),
('NO1577', 'higher', 2000, 950, 30000, 0, 'http://www.lpsglobal.org/fee-structure-noida-school'),
('NO954', 'playway', 0, 0, 10000, 19200, 'http://www.uttarakhandpublicschool.com/index.php/information/fee-structure'),
('NO954', 'primary', 0, 0, 10000, 23400, 'http://www.uttarakhandpublicschool.com/index.php/information/fee-structure'),
('NO954', 'secondary', 0, 0, 10000, 28800, 'http://www.uttarakhandpublicschool.com/index.php/information/fee-structure'),
('NO954', 'higher', 0, 0, 10000, 32400, 'http://www.uttarakhandpublicschool.com/index.php/information/fee-structure'),
('NO1762', 'playway', 0, 0, 0, 0, 'http://www.kotharistarz.com/list-of-play-schools-in-sector50-noida.html'),
('NO805', 'playway', 0, 0, 15000, 28800, 'http://www.sispjhs.com/fee-structure.html'),
('NO805', 'primary', 0, 0, 15000, 40800, 'http://www.sispjhs.com/fee-structure.html'),
('NO805', 'secondary', 0, 0, 15000, 54000, 'http://www.sispjhs.com/fee-structure.html'),
('NO805', 'higher', 0, 0, 15000, 67200, 'http://www.sispjhs.com/fee-structure.html'),
('NO1363', 'playway', 0, 0, 39600, 0, 'http://www.adarshpublicschoolnoida.com/fee-structure.html'),
('NO1363', 'primary', 0, 0, 34800, 0, 'http://www.adarshpublicschoolnoida.com/fee-structure.html'),
('NO1363', 'secondary', 0, 0, 39600, 0, 'http://www.adarshpublicschoolnoida.com/fee-structure.html'),
('NO1363', 'higher', 0, 0, 45600, 0, 'http://www.adarshpublicschoolnoida.com/fee-structure.html'),
('GH943', 'playway', 0, 0, 70000, 25800, 'http://jaipuria.edu.in/ghaziabadschool/wp-content/blogs.dir/5/files/2018/07/fee_structure_2019_20.pdf'),
('GH943', 'primary', 0, 0, 70000, 25800, 'http://jaipuria.edu.in/ghaziabadschool/wp-content/blogs.dir/5/files/2018/07/fee_structure_2019_20.pdf'),
('GH943', 'secondary', 0, 0, 70000, 25800, 'http://jaipuria.edu.in/ghaziabadschool/wp-content/blogs.dir/5/files/2018/07/fee_structure_2019_20.pdf'),
('GH943', 'higher', 0, 0, 70000, 25800, 'http://jaipuria.edu.in/ghaziabadschool/wp-content/blogs.dir/5/files/2018/07/fee_structure_2019_20.pdf'),
('GH1494', 'playway', 0, 1100, 35000, 0, 'https://www.khaitanpublicschool.com/fee-details.html'),
('GH1494', 'primary', 0, 1100, 40000, 0, 'https://www.khaitanpublicschool.com/fee-details.html'),
('GH1494', 'secondary', 0, 1100, 40000, 0, 'https://www.khaitanpublicschool.com/fee-details.html'),
('GH1494', 'higher', 0, 1100, 40000, 0, 'https://www.khaitanpublicschool.com/fee-details.html'),
('GH1756', 'playway', 0, 0, 36000, 11400, 'http://ind.stthomasghaziabad.org/admission.php?page=feestructure'),
('GH1756', 'primary', 0, 0, 38640, 8265, 'http://ind.stthomasghaziabad.org/admission.php?page=feestructure'),
('GH1756', 'secondary', 0, 0, 41400, 8925, 'http://ind.stthomasghaziabad.org/admission.php?page=feestructure'),
('GH1756', 'higher', 0, 0, 51600, 9275, 'http://ind.stthomasghaziabad.org/admission.php?page=feestructure'),
('GH1343', 'playway', 0, 0, 0, 0, 'http://www.indirapuramschool.com/fees_details.php'),
('GH1343', 'primary', 0, 0, 0, 0, 'http://www.indirapuramschool.com/fees_details.php'),
('GH1343', 'secondary', 0, 0, 0, 0, 'http://www.indirapuramschool.com/fees_details.php'),
('GH1343', 'higher', 0, 0, 0, 0, 'http://www.indirapuramschool.com/fees_details.php'),
('GH1932', 'playway', 2800, 1500, 35000, 64000, 'https://mydpsg-my.sharepoint.com/:x:/r/personal/shivani_saxena_dpsgs_org/_layouts/15/Doc.aspx?sourcedoc=%7B44a29c74-4c22-4cf0-9c8a-3f08387782b4%7D&action=default'),
('GH1932', 'primary', 2800, 1500, 35000, 64000, 'https://mydpsg-my.sharepoint.com/:x:/r/personal/shivani_saxena_dpsgs_org/_layouts/15/Doc.aspx?sourcedoc=%7B44a29c74-4c22-4cf0-9c8a-3f08387782b4%7D&action=default'),
('GH1932', 'secondary', 2800, 1500, 35000, 64000, 'https://mydpsg-my.sharepoint.com/:x:/r/personal/shivani_saxena_dpsgs_org/_layouts/15/Doc.aspx?sourcedoc=%7B44a29c74-4c22-4cf0-9c8a-3f08387782b4%7D&action=default'),
('GH1932', 'higher', 2800, 1500, 20000, 64000, 'https://mydpsg-my.sharepoint.com/:x:/r/personal/shivani_saxena_dpsgs_org/_layouts/15/Doc.aspx?sourcedoc=%7B44a29c74-4c22-4cf0-9c8a-3f08387782b4%7D&action=default'),
('GH1918', 'playway', 0, 0, 35000, 24000, 'http://www.modernschoolgz.com/fee-structure/'),
('GH1918', 'primary', 0, 0, 35000, 24000, 'http://www.modernschoolgz.com/fee-structure/'),
('GH1918', 'secondary', 0, 0, 40000, 24000, 'http://www.modernschoolgz.com/fee-structure/'),
('GH1918', 'higher', 0, 0, 0, 0, 'http://www.modernschoolgz.com/fee-structure/'),
('GH933', 'playway', 19250, 200, 8500, 37200, 'http://ccdps.in/pages/pdf_files/FEESTRU2019-20.pdf'),
('GH933', 'primary', 18150, 200, 9000, 43440, 'http://ccdps.in/pages/pdf_files/FEESTRU2019-20.pdf'),
('GH933', 'secondary', 18150, 300, 9000, 50040, 'http://ccdps.in/pages/pdf_files/FEESTRU2019-20.pdf'),
('GH933', 'higher', 18150, 300, 10000, 51720, 'http://ccdps.in/pages/pdf_files/FEESTRU2019-20.pdf'),
('GH1776', 'playway', 0, 2500, 23000, 0, 'http://www.amity.edu/ais/aisv1/pdf/fee-structure.pdf'),
('GH1776', 'primary', 0, 2500, 35000, 1200, 'http://www.amity.edu/ais/aisv1/pdf/fee-structure.pdf'),
('GH1776', 'secondary', 0, 2500, 35000, 1200, 'http://www.amity.edu/ais/aisv1/pdf/fee-structure.pdf'),
('GH1776', 'higher', 0, 2500, 35000, 1200, 'http://www.amity.edu/ais/aisv1/pdf/fee-structure.pdf'),
('GH1164', 'playway', 0, 0, 120000, 33000, 'https://www.dpsindirapuram.com/page.php?PAGE=53'),
('GH1164', 'primary', 0, 0, 120000, 0, 'https://www.dpsindirapuram.com/page.php?PAGE=53'),
('GH1164', 'secondary', 0, 0, 120000, 0, 'https://www.dpsindirapuram.com/page.php?PAGE=53'),
('GH1164', 'higher', 0, 0, 120000, 0, 'https://www.dpsindirapuram.com/page.php?PAGE=53'),
('GH1239', 'playway', 0, 0, 0, 24000, 'http://www.jkgschool.com/jkgi/Fees%20Structure%202018-19_new.pdf'),
('GH1239', 'primary', 0, 0, 0, 22332, 'http://www.jkgschool.com/jkgi/Fees%20Structure%202018-19_new.pdf'),
('GH1239', 'secondary', 0, 0, 0, 24632, 'http://www.jkgschool.com/jkgi/Fees%20Structure%202018-19_new.pdf'),
('GH1239', 'higher', 0, 0, 0, 25132, 'http://www.jkgschool.com/jkgi/Fees%20Structure%202018-19_new.pdf');

-- --------------------------------------------------------

--
-- Table structure for table `infra`
--

CREATE TABLE `infra` (
  `school_id` varchar(20) DEFAULT NULL,
  `library` varchar(50) DEFAULT NULL,
  `sports` varchar(500) DEFAULT NULL,
  `labs` varchar(500) DEFAULT NULL,
  `arts_culture` varchar(500) DEFAULT NULL,
  `moreinfo` varchar(500) DEFAULT NULL
) ENGINE=InnoDB DEFAULT CHARSET=latin1;

--
-- Dumping data for table `infra`
--

INSERT INTO `infra` (`school_id`, `library`, `sports`, `labs`, `arts_culture`, `moreinfo`) VALUES
('GU1860', 'available', 'skating,cricket,swimming,badminton,football,tennis', 'maths,robotics,physics,biology,chemistry,computer', 'dance,vocal music,wstern music', 'http://www.lotusvalleygurgaon.com/academics-curriculum.php'),
('GU1222', 'available', 'skating,badminton,basketball', 'maths,physics,biology,chemistry,computer,fashion', 'music,yoga,dance', 'http://www.bluebells.org/bbms/?page_id=169'),
('GU1694', 'available', 'skating,badminton,basketball,football,karate', 'maths,physics,biology,chemistry,computer,fashion,discovery,scrap,psychology', 'music,sketching,dance,pottery', 'http://www.dpsgurgaon.org/page.php?catID=50'),
('GU700', '', 'volleyball,cricket,swimming,badminton,football,tennis', 'physcis,chemistry,biology,computer', 'music,dance,storytelling', 'http://shikshantarschool.com/curriculum/'),
('GU1053', '', 'skating,badminton,basketball,football,karate', 'physics,biology,chemistry,computer,psychology', 'music,dance', 'http://www.suncityschool.in/suncity-international-school/performing-arts.php'),
('GU1718', 'available', 'skating,cricket,swimming,badminton,tennis,gym', 'maths,physics,biology,chemistry,computer,robotics,photography,psychology', 'art,music', 'http://www.dav14gurgaon.org/page/infra.html'),
('GU767', 'available', 'badminton,tennis,basketbal.soccer', 'maths,physics,biology,chemistry,computer', 'drama,dance,music', 'http://shriramglobalschool.org/facilities.jsp'),
('GU599', 'available', 'skating,cricket,swimming,badminton,football,tennis,billiards,squash,basketball', '', 'aerobatics,chess,drama,acting,singing,dance', 'http://www.dpsiedge.edu.in/'),
('GU1795', 'available', 'skating,cricket,swimming,badminton,football,tennis,taekwondo,archery,climbing,athletics', 'physcis,chemistry,biology,computer,maths,psychology,language,intelligence', 'music,acting,dance,art', 'http://amity.edu/ais/gurgaon46/Infrastructure.aspx'),
('GU516', 'available', 'skating,cricket,swimming,badminton,football,tennis,taekwondo,archery,climbing,athletics,hockey', 'maths,physics,biology,chemistry,computer,robotics,photography,psychology', 'drama,dance,music', 'https://www.scottishigh.com/student-life/'),
('GU1958', 'available', 'skating,cricket,swimming,badminton,football,tennis', 'maths,robotics,physics,biology,chemistry,computer,social science', 'art,music,dance,craft,speaking', 'http://www.shalomhills.com/playground.html'),
('GU1320', 'available', 'volleyball,cricket,badminton,football,tennis', 'maths,physics,biology,chemistry,computer', 'music,sketching,dance,pottery', 'https://shivnadarschool.edu.in/website/sns-gurgaon/considering-sns-gurgaon/'),
('GH943', 'available', 'skating, taekwondo, gymnastics, karate, yoga,basketball, volleyball,football', 'physics,chemistry,biology,computer', 'aerobics,dance,music,theatre,painting,folk art', 'http://jaipuria.edu.in/ghaziabadschool/infrastructure/campus-overview/'),
('GH1494', '', 'cricket,football,skating,shooting,swimming,lawn tennis,basketball,martial arts,yoga,kabbadi', 'physics,chemistry,biology,computer', 'dance,music,sclupture making,visual art,theatre', 'https://www.khaitanpublicschool.com/'),
('GH1756', 'available', '', 'physics,chemistry,biology,computer', '', 'http://sahib.stthomasghaziabad.org/index.php'),
('GH1343', 'available', 'sport ground,swimming pool,ball pool,thematic classrooms', 'physics,chemistry,mathematics,smart classes', 'dance,music,drawing,craft,gardening,cookjng,drama,public speaking', 'http://www.indirapuramschool.com/facilities.php'),
('GH1932', '', 'cricket,yoga,lawn tennis,basketball ,hockey ,football,taekwondo,skating,chess', '', 'foreign language,photography,sculpture making', 'http://dpsgv.in/'),
('GH1513', 'available', 'skating, karate, kho-kho,table tennis,badminton,cricket, kabaddi, football, hockey, athletics,hand ball.', 'physics,chemistry,biology,computer,social science,mathematics', 'drama,public speaking,photography,art,craft,sculpture making', 'http://www.csindirapuram.com/'),
('GH1918', '', 'cricket,yoga,lawn tennis,table tennis,basketball,football,skating,swimming', 'computer,mathematics', 'art,music,dance,linguistic and brain games,clay modelling', 'http://www.modernschoolgz.com/infrastructure/'),
('GH933', 'available', 'volleyball,basketball,cricket,skating,carrom board,table tennis', 'physics, chemistry, biotechnology, biology,mathematics,fashion studies', 'aerobics,dance,music,art', 'http://ccdps.in/pages/pdf_files/SPORTS%20CO-%20CURRICULAR%20&%20EXTRA%20CUR.pdf'),
('GH1776', 'available', 'aerobic,archery,badminton,basket ball,chess,cricket,football,kabaddi,kho-kho,malkham,skating,table tennis,taekwondo,yoga', 'physics,chemistry,biology,computer,social science,mathematics,montessori', 'visual arts,performing arts', 'http://www.amity.edu/ais/aisv1/default.asp'),
('GH1164', 'available', 'yoga,gym,swimming ,splash pool', 'science,computer', 'art,music,dance,foreign language', 'https://www.dpsindirapuram.com/page.php?PAGE=24'),
('GH1239', 'available', 'table tennis,badminton,volleyball ,taekwondo,kho-kho,skating', 'physics,chemistry,biology,computer', 'art,music,craft', 'http://www.jkgschool.com/jkgi/infrastructure.php'),
('GH1473', 'available', 'swimming', 'think lab,smart classes', 'drama,art,craft,pottery,taekwondo,music,dance,skating', 'https://arwachinkids.com/amenities/'),
('DE724', 'available', 'sports complex', 'physics,chemistry,biology,biotechnology,general', 'batic,commercial,sculpture,music(room)', 'https://www.dpsrkp.net/infrastructure.asp'),
('DE945', 'available', 'practice pitch, baseball, table tennis, volleyball, lawn tennis and swimming pool', 'english,computer,physics,chemistry,biology', '', 'http://www.stxaviersdelhi.com/school_traditions.aspx'),
('DE524', 'available', 'volleyball,gymnastics,badminton', 'physics, chemistry, biology and psychology', 'pottery,dancing queens,school band', 'http://www.carmeldelhi.com/acvt_sr-school.jsp'),
('DE1792', 'available', 'sports programme', 'math,computer,english,physics,biology', 'sketching, painting, poster making, clay modeling, wood craft ', 'http://spvdelhi.org/page.php?PAGE=53'),
('DE1793', 'available', 'cricket,yoga,badminton,vollyeball,football,gymnastics,tennis,chess', 'physics, chemistry, biology and psychology', 'school band,sculpture and wood craft,vocal music,classical dance,school band', 'http://www.modernschool.net/academics-subject-combination.html'),
('DE1330', 'available', 'athletics, basketball, volleyball, cricket, table tennis, badminton, judo, karate,  ball', '', 'performing arts programs along with various clubs and life skill', 'http://bbpsgr.balbharati.org/contact-us/'),
('DE1845', 'available', 'cricket,yoga,badminton,basketball,football,swimming', 'physics,chemistry,biology,computer', 'dance,music', 'http://www.stcolumbas.edu.in/facilities.html'),
('DE1621', '', 'basketball, football, tennis, athletics, table tennis, swimming', 'computer', 'folk dancing and choral singing, drama and street plays,interior design, batik', 'http://springdales.com/curriculum.asp'),
('DE1067', 'available', 'badminton, basketball', 'computer,physics,chemistry,biology', 'solo dance,folk dance,kalakriti,folk song', 'http://www.bps.edu.in/sv'),
('DE1109', 'available', 'basketball, football, badminton, cricket,table tennis,gymnastics,', 'physics, chemistry, biology and psychology', ' display boards on the walls exhibit the brilliant work of the creative young minds,clay modelling', 'http://www.sanskritischool.edu.in'),
('DE792', 'available', 'athletics, basketball, table tennis, ', 'physics,chemistry,biology,general', 'music,painting,self defence,hindi ,french', 'https://dpsmathuraroad.org/subject-combination.php'),
('DE1052', 'available', 'gymnasium,basketball,swings,table tennis', 'physics,chemistry,biology,computer', 'music,craft room,art room', 'http://www.cjmdelhi.com/Infrastructure.aspx'),
('DE858', 'available', 'athletics, badminton, basketball, cricket, football, gymnastics, hockey', '', 'dance, gymnastics, trampolining, martial arts, aerobics,dramastic, modern foreign languages', 'https://www.british-school.org/Sports'),
('DE1530', 'available', 'basketball', 'physics,chemistry,computer', 'art room', 'http://www.pcsdelhi.in/school-infrastructure.aspx'),
('DE1200', 'available', 'basketball,table tennis,sick bay', 'physics,chemistry,computer,home science', 'art room', 'http://stthomasgirlsschool.com/labs.htm'),
('NO1088', 'available', 'cricket,football,skatting,badminton,tennis,yoga,volley ball,gymnastics', 'asl,home science,gen.science,mahs', 'colouring, drawing, sketching, painting, sculpture, craft work,paintings, artifacts, pottery, portraits ', 'http://thekhaitanschool.org/infrastructure/laboratories/'),
('NO1280', 'available', 'table tennis,carrom,yoga,chess,golf,cricket,football', 'science,maths,gen.science', 'poster making,clay model,mask making,dance,music ,choreography,painting', 'http://billabonghighschoolnoida.com/index.php/sports-performing-arts/'),
('NO1852', 'available', 'cricket,football,table tennis,kho-kho,gymnastics', 'chemistry,biology,maths,social studies,gen.science', 'art,craft,music,dance', 'http://vbpsnoida.com/Facilities'),
('NO1927', 'available', 'hockey,football,badminton,volleyball,tennis,basketball', 'science,maths,computer,digital learning', '', 'http://www.mayoornoida.net/sports'),
('NO1576', 'available', '', 'computer,science', 'colouring, drawing, sketching, painting, sculpture, craft work,paintings, artifacts, pottery, portraits ', 'http://assisinoida.com/'),
('NO1407', 'available', 'cricket,football,badminton', 'math,computer,english,physics,biology', 'art,craft,music,dance', 'http://www.somervillenoida.in/infrastructure.aspx'),
('NO749', '', '', '', 'robotics,music,dance', 'http://noida.cambridgeschool.edu.in/orientation-programme/'),
('NO861', '', 'sqaush,football,cricket,golf,tennis,badmintion', 'science,maths,germen', 'music,art,craft,dance,', 'http://www.lotusvalley.com/infrastructure-laboratories.php'),
('NO1470', '', 'sqaush,football,cricket,tennis,badmintion,chess,yoga', 'home science,computer,science,maths', 'music,art,craft,dance,clay model', 'http://apsnoida.edu.in/?page_id=34'),
('NO1201', 'available', 'volleyball,kho-kho,chess,carrom,badmintion', 'geography,physics,biology,chemistry', 'music,dance', 'http://www.noidapublicschool.com/labs.html'),
('NO535', '', 'cricket,basketball,tennis,chess ,football', 'science,social science,maths,computer', 'music,dance,art,craft', 'http://www.dpsnoida.co.in/sports.html'),
('NO524', 'available', '', 'science,computer,gen.science', 'music,dance,art,craft', 'http://www.dpsgbn.com/infrastructure'),
('NO1231', 'available', 'cricket,swimming', 'it,science,montessori,maths', 'music,dance', 'https://in.globalindianschool.org/noida/the-school/facilities'),
('NO1548', '', 'running,cricket,football', '', 'music,dance', 'http://davnoida.org/'),
('NO1761', 'available', 'gymnastics,swimming', 'science,information technology', 'music,dance,art,craft', 'http://www.kotharischool.edu.in/webpage.aspx?Id=17'),
('NO1898', 'available', 'gymnastics,basketball,splash pool,yoga', 'computer', 'music,dance,art', 'http://www.gdgoenkanoida.com/sports.php'),
('NO605', 'available', '', 'computer,physics,chemistry,biology', 'music,dance,art', 'http://www.jsspsn.edu.in/Facilities.aspx'),
('NO1718', 'available', 'cricket,yoga,badminton,basketball,football,swimming', 'math,computer,english,physics,biology', 'music,dance,art,craft', 'https://www.jbms.in/infrastructure.html'),
('NO951', 'available', '', 'math,computer,english,physics,biology', '', 'https://www.genesisglobalschool.edu.in/facilities/laboratories'),
('NO1763', 'available', 'cricket,football,skating,badminton,tennis,yoga,volleyball,gymnastics', 'science,maths,germen', 'music,dance,art,craft', 'https://www.lotusvalley.com/infrastructure-laboratories.php'),
('NO914', 'available', '', 'computer,science', 'music,dance,art,craft', 'http://cpsnoida.com/sport.aspx'),
('NO1664', '', 'cricket,football,skating,badminton,tennis,yoga,volley ball,gymnastics', 'computer,science,maths', 'music,art,craft,dance,clay model', 'http://www.brahmanandaindia.org/facilities.html'),
('NO1679', 'available', 'cricket,yoga,badminton,basketball,football,swimming', 'physics,chemistry,computer,home science', 'art,craft,music,dance', 'http://www.inpschool.com/academics.html'),
('NO1783', 'available', 'cricket,yoga,badminton,volleyball,football,gymnastics,tennis,chess', 'math,computer,english,physics,biology', 'music,art,craft,dance,clay model', 'http://www.fortuneworldschool.com/outdoor-sports.html'),
('NO987', 'available', 'athletics, basketball, volleyball, cricket, table tennis, badminton, judo, karate,  ball', 'geography,physics,biology,chemistry', 'colouring, drawing, sketching, painting, sculpture, craft work,paintings, artifacts, pottery, portraits ', 'http://www.jpsnoida.com/pdf/School%20Information.pdf'),
('NO1547', 'available', '', 'computer,physics,chemistry,biology', 'music,dance,art', 'http://www.jsspsn.edu.in/Facilities.aspx'),
('NO1844', 'available', 'cricket,football,skating,badminton,tennis,yoga,volleyball,gymnastics', 'science,social science,maths,computer', 'robotics,music,dance,art', 'http://www.indraprasthaschool.com/webaura/igs/site_igs/building.asp'),
('NO893', 'available', 'cricket,yoga,badminton,basketball,football,swimming', 'math,computer,english,physics,biology', 'music,dance,art', 'http://www.amityglobalschool.com/noida/labs.html'),
('NO810', 'available', 'athletics, basketball, volleyball, cricket, table tennis, badminton, judo, karate,  ball', 'it,science,montessori,maths,computer', 'music,art,craft,dance,clay model', 'http://www.rgsnoida.com/academics/facilities/'),
('NO1815', '', 'cricket,football,skating,badminton,tennis,yoga,volleyball,gymnastics', 'physics,chemistry,computer,home science', 'colouring, drawing, sketching, painting, sculpture, craft work,paintings, artifacts, pottery, portraits ', 'http://yadupublicschool.com/facility.php?id=15'),
('DE584', 'available', 'cricket,football,skating,badminton,tennis,yoga,volleyball,gymnastics', 'math,computer,english,physics,biology', 'music,art,craft,dance,clay model', 'http://www.pcsdelhi.in/'),
('DE1435', 'available', 'hockey,football,badminton,volleyball,tennis,basketball', 'home science,computer,science,maths', 'music,art,craft,dance,clay model', 'https://www.faithacademy.in/event.php?sno=13'),
('DE1695', 'available', '', 'math,computer,english,physics,biology', 'art', 'http://stthomasgirlsschool.com/labs.htm'),
('NO1160', 'available', 'gymnastics,swimming pool', 'science,montessori', 'music,dance,art', 'http://theardeeschool.com/noida/campus-features.html'),
('NO1577', 'available', 'cricket,yoga,badminton,basketball,football,swimming', 'math,computer,english,physics,biology', 'music,dance,art', 'http://www.lpsglobal.org/LPS-Global-School-Sports'),
('NO954', 'available', 'cricket,football,skating,badminton,tennis,yoga,volleyball, gymnastics', 'math,computer,english,physics,biology', 'music,dance,art', 'http://www.uttarakhandpublicschool.com/index.php/school/facilities'),
('NO1762', '', '', '', 'music,dance,art', 'http://www.kotharistarz.com/list-of-play-schools-in-sector50-noida.html'),
('NO805', 'available', 'cricket,football,skating,badminton,tennis,yoga,volleyball,gymnastics', 'math,computer,english,physics,biology', 'music,dance,art', 'http://www.sispjhs.com/infrastructure.html'),
('NO1363', 'available', 'cricket,yoga,badminton,basketball,football,swimming', 'physics,chemistry,computer,home science', 'music,art,craft,dance,clay model', 'http://www.adarshpublicschoolnoida.com/Sports.html'),
('GH1756', 'available', 'cricket,yoga,badminton,basketball,football,swimming', 'math,computer,english,physics,biology', 'music,art,craft,dance,clay model', 'http://ind.stthomasghaziabad.org/infrastructure.php?page=schoolcampus'),
('GH1657', 'available', 'skating,cricket,swimming,badminton,football,tennis', 'maths,robotics,physics,biology,chemistry,computer', 'dance,vocal music,wstern music', 'https://www.dpsindirapuram.com/page.php?PAGE=24'),
('GH1216', 'available', 'skating,badminton,basketball', 'maths,physics,biology,chemistry,computer,fashion', 'music,yoga,dance', ''),
('GH637', 'available', 'skating,badminton,basketball,football,karate', 'maths,physics,biology,chemistry,computer,fashion,discovery,scrap,psychology', 'music,sketching,dance,pottery', ''),
('GH1483', 'available', 'volleyball,cricket,swimming,badminton,football,tennis', 'physcis,chemistry,biology,computer', 'music,dance,storytelling', 'http://cshpschool.com/infrastructure/'),
('GH874', 'available', 'skating,badminton,basketball,football,karate', 'physics,biology,chemistry,computer,psychology', 'music,dance', 'http://www.presidiumindirapuram.com/Infrastructure.php'),
('GH965', 'available', 'skating,cricket,swimming,badminton,tennis,gym', 'maths,physics,biology,chemistry,computer,robotics,photography,psychology', 'art,music', 'http://www.vanasthalischool.in/contact-us.aspx'),
('GH1302', 'available', 'badminton,tennis,basketbal,soccer', 'maths,physics,biology,chemistry,computer', 'drama,dance,music', ''),
('GH1606', 'available', 'skating,cricket,swimming,badminton,football,tennis,billiards,squash,basketball', 'maths,robotics,physics,biology,chemistry,computer', 'aerobatics,chess,drama,acting,singing,dance', 'https://stteresaschool.in/cms/infrastructure'),
('GH618', 'available', 'skating,cricket,swimming,badminton,football,tennis,taekwondo,archery,climbing,athletics', 'physcis,chemistry,biology,computer,maths,psychology,language,intelligence', 'music,acting,dance,art', 'http://www.gdgoenkagzb.com/sports/'),
('GH1581', 'available', 'skating,cricket,swimming,badminton,football,tennis,taekwondo,archery,climbing,athletics,hockey', 'maths,physics,biology,chemistry,computer,robotics,photography,psychology', 'drama,dance,music', 'http://www.allenhouseghaziabad.com/Extra_Curricular_Activities.aspx'),
('GU1672', 'available', 'cricket,swimming', 'maths,computer', 'dance,music', 'http://www.kiitworld.in/Infrastructure'),
('GU1346', 'available', 'badminton,tennis,basketbal,soccer', 'physics,chemistry,biology,computer', 'music,dance,art', 'https://www.ajantapublicschool.org/content.aspx?enc=cGFnZT0xOA=='),
('GU912', 'available', 'skating,cricket,swimming,badminton,tennis', 'chemistry,physics,biology,computer', 'music,dance,storytelling', 'https://krmangalam.com/'),
('GU1455', 'available', 'cricket,badminton,football', 'physics,chemistry,biology,computer', 'art,music,dance,craft', 'http://vidyaschool.com/info/facilities/'),
('GU921', 'available', 'skating,cricket,swimming,badminton,tennis,gym', 'chemistry,physics,biology,computer', 'music,dance,acting', 'http://sdadarshvidyalayagurgaon.com/Infrastructure.html'),
('GU1462', 'available', 'badminton,tennis,basketbal,soccer', 'physics,chemistry,biology,computer', 'music', 'http://www.ajantapublicschool.org/'),
('GU1744', 'available', 'cricket,swimming,badminton,football,tennis', 'maths,robotics,physics,biology,chemistry,computer', 'aerobatics,chess,drama,acting,singing,dance', 'http://www.ryaninternational.org/'),
('GU928', 'available', 'skating,badminton,basketball,football,karate', 'physics,chemistry,biology,computer', 'dance,music,art', 'http://www.gurugramschool.in/'),
('GU1049', 'available', 'skating,badminton,basketball,football,karate', 'computer,science', 'dance,music', 'http://www.ryanglobalschools.com/site/gurgaon/facilities.php'),
('GU1198', 'available', 'cricket,swimming,badminton,football,tennis', 'chemistry,physics,biology,computer', 'dance,music', 'http://www.americanpublicschool.com/INFRASTRUCTURE'),
('GU752', 'available', 'badminton,tennis,basketbal,soccer', 'maths,robotics,physics,biology,chemistry,computer,social science', 'aerobatics,chess,drama,acting,singing,dance', 'http://www.dpssl.net/infrastructure.htm'),
('GU619', 'available', 'skating,cricket,swimming,badminton,tennis', 'maths,robotics,physics,biology,chemistry,computer', 'dance,music', 'http://www.maplebear.in/sector14/curriculum.html'),
('GU1456', 'available', 'cricket,swimming,badminton,football,tennis', 'chemistry,physics,biology,computer', 'art,music,dance,craft,speaking', 'http://www.sfsdlf.com/sfs/acti.html');

-- --------------------------------------------------------

--
-- Table structure for table `schools`
--

CREATE TABLE `schools` (
  `school_id` varchar(20) NOT NULL,
  `school_name` varchar(200) DEFAULT NULL,
  `school_address` varchar(200) DEFAULT NULL,
  `school_contact` varchar(15) DEFAULT NULL,
  `school_website` varchar(200) DEFAULT NULL,
  `school_rating` float DEFAULT NULL,
  `school_city` varchar(200) DEFAULT NULL,
  `school_board` varchar(10) DEFAULT NULL,
  `school_lat` double DEFAULT NULL,
  `school_long` double DEFAULT NULL,
  `school_img` varchar(100) DEFAULT NULL
) ENGINE=InnoDB DEFAULT CHARSET=latin1;

--
-- Dumping data for table `schools`
--

INSERT INTO `schools` (`school_id`, `school_name`, `school_address`, `school_contact`, `school_website`, `school_rating`, `school_city`, `school_board`, `school_lat`, `school_long`, `school_img`) VALUES
('DE1015', 'gyan devi salwan public school\n', 'old rajinder nagar', '+91 11 6537 734', 'http://www.gdsalwan.com/', 4, 'delhi', 'cbse', 28.64118, 77.183747, 'DE1015.png'),
('DE1034', 'diwan chand arya sr. sec school', 'vardman marg', '+91 11 2469 410', 'http://diwanchandschool.com/', 4, 'delhi', 'cbse', 28.588884, 77.22466, 'DE1034.png'),
('DE1051', 'dtea senior secondary school', 'nanakpura, near police station, moti bagh 2', '+91 11 2467 372', 'http://www.dteaschools.org/', 3.7, 'delhi', 'cbse', 28.594672, 77.22632, 'DE1051.jpg'),
('DE1052', 'convent of jesus & mary', '1, bangla sahib ln, diz staff quarts, connaught place', '+91 11 2336 676', 'http://www.cjmdelhi.com/', 4.2, 'delhi', 'cbse', 28.629384, 77.208327, 'DE1052.jpg'),
('DE1067', 'bharti public school', 'vikas marg, swasthya vihar', '+91 11 4244 051', 'http://www.bps.edu.in/', 4, 'delhi', 'cbse', 28.639729, 77.288782, 'DE1067.jpg'),
('DE1105', 'banyan tree school', '3, lodhi institutional area', '+91 11 4093 439', 'http://www.banyantree.in/', 3.9, 'delhi', 'cbse', 28.587344, 77.228131, 'DE1105.png'),
('DE1109', 'sanskriti school, chanakyapuri', 'dr. s. radhakrishnan marg', '+91 11 2688 333', 'http://www.sanskritischool.edu.in/', 4.5, 'delhi', '', 28.589092, 77.177255, 'DE1109.jpg'),
('DE1112', 'dtea senior secondary school', 'sadhu vasvani marg', '+91 11 2574 398', 'http://www.dteaschools.org/', 4.1, 'delhi', 'cbse', 28.644217, 77.19463, 'DE1112.png'),
('DE1118', 'south delhi public school', 'd-block, lala lajpat rai rd', '+91 11 4763 333', 'http://www.southdelhipublicschool.com/', 3.6, 'delhi', 'cbse', 28.578567, 77.23724, 'DE1118.png'),
('DE1130', 'mayur public school', 'i.p.extension , behind mother dairy plant', '+91 11 2247 767', 'http://www.mayurpublicschool.com/', 3.8, 'delhi', 'cbse', 28.622722, 77.292102, 'DE1130.png'),
('DE1136', 'holy child auxilium school', 'r.k. puram, sector 12', '+91 11 2618 276', 'http://hcauxilium.co.in/', 4.2, 'delhi', 'cbse', 28.576183, 77.174845, 'DE1136.jpg'),
('DE1200', 'st. thomas\' girls senior secondary school', 'st. thomas church, mandir marg', '+91 11 2336 409', 'http://stthomasgirlsschool.com/', 4.2, 'delhi', 'cbse', 28.639783, 77.204291, 'DE1200.jpg'),
('DE1201', 'salwan montessori school', 'salwan road, near karol bagh metro station, rajendra nagar', '+91 11 4925 450', 'http://salwanmontessorischool.net/', 4.7, 'delhi', 'cbse', 28.610279, 77.340471, 'DE1201.png'),
('DE1219', 'cambridge primary school new delhi', 'a- block, new friends colony', '+91 11 2631 506', 'http://nfc.cambridgeschool.edu.in/', 4.5, 'delhi', 'cbse', 28.566397, 77.275063, 'DE1219.png'),
('DE1278', 'somerville school', 'vasundhara enclave, shaheed budh ram singh marg', '+91 11 4303 472', 'http://www.somervillevasundhara.in/', 4.2, 'delhi', 'cbse', 28.60362, 77.319523, 'DE1278.jpg'),
('DE1306', 'government co-education secondary school', 'teliwara chowk, near durga mandir, shahdara', '+91 11 2239 303', 'http://delhi.gov.in/wps/wcm/connect/DOIT_Education/education/home/about+us/list+of+government+schools', 3.5, 'delhi', 'cbse', 28.673531, 77.292971, 'DE1306.jpg'),
('DE1313', 'navy children school', 'navy children school, satya marg', '+91 11 2467 189', 'http://ncsdelhi.nesnavy.in/', 4.4, 'delhi', 'cbse', 28.582705, 77.1947, 'DE1313.jpg'),
('DE1317', 'bal bharti p/s kundan nagar', 'kundan nagar, laxmi nagar', '+91 98107 43016', 'http://www.delhi.gov.in/wps/wcm/connect/DOIT_Education/education/home/about+us/list+of+public+schools+recognised+by+mcd', 1, 'delhi', 'cbse', 28.631494, 77.278787, 'DE1317.png'),
('DE1330', 'bal bharati public school rajinder nagar', 'ganga ram hospital marg, rajendra nagar', '+91 11 2578 241', 'http://bbpsgr.balbharati.org/contact-us/', 4, 'delhi', 'cbse', 28.640362, 77.190862, 'DE1330.png'),
('DE1334', 'dtea senior secondary school', 'opposite bunglow no.46, sector 4, lodhi estate', '+91 11 2467 410', 'http://www.dteaschools.org/', 3.9, 'delhi', 'cbse', 28.594737, 77.226352, 'DE1334.jpg'),
('DE1336', 'happy public school', '32/125, street no 10, vishwas nagar', '+91 11 2230 494', 'http://happyhomepublicschool.com/', 4, 'delhi', 'cbse', 28.660529, 77.2933, 'DE1336.jpg'),
('DE1371', 'german school new delhi', '2, block f, diplomatic enclave, nyaya marg, chanakyapuri', '+91 11 4168 024', 'http://www.dsnd.de/', 4.5, 'delhi', '', 28.599852, 77.188455, 'DE1371.png'),
('DE1435', 'faith academy', 'john l. dorsey road, prasad nagar', '+91 11 2571 578', 'http://www.faithacademy.in/', 3.6, 'delhi', 'cbse', 28.650559, 77.180037, 'DE1435.jpg'),
('DE1482', 'happy school', 'padam chand marg, darya ganj', '+91 11 2327 169', 'http://www.happyschoolnewdelhi.edu.in/', 4.1, 'delhi', 'cbse', 28.649617, 77.242855, 'DE1482.png'),
('DE1488', 'lady irwin senior secondary school', 'd-306, varun marg, defence colony', '+91 11 2462 319', 'http://ladyirwinschool.in/', 4.1, 'delhi', '', 28.579834, 77.255753, 'DE1488.jpg'),
('DE1530', 'presentation convent sr. sec. school', 'shyama prasad mukherji marg, between red fort & old delhi railway station', '+91 11 2386 286', 'http://www.pcsdelhi.in/', 4.4, 'delhi', 'cbse', 28.659929, 77.235807, 'DE1530.jpg'),
('DE1533', 'the learning tree', 'b - 13, subramaniam bharti marg, sujan singh park, khan market', '+91 97171 00853', 'http://www.learningtreeplayschool.com/', 5, 'delhi', '', 28.566397, 77.275063, 'DE1533.png'),
('DE1563', 'shishu gyan vidyalaya', '689, kabool nagar, shahdra', '+91 98113 63328', 'http://delhi.gov.in/wps/wcm/connect/DOIT_Education/education/home/about+us/list+of+public+schools+recognised+by+doe', 3, 'delhi', '', 28.677361, 77.290505, 'DE1563.png'),
('DE1584', 'lovely public senior secondary school,delhi', 'priyadarshini vihar, near bank enclave,laxmi nagar', '+91 11 2205 836', 'http://lpsschool.com/', 3.6, 'delhi', 'cbse', 28.641045, 77.278034, 'DE1584.jpg'),
('DE1621', 'springdales school', 'benito juarez road, dhaula kuan', '+91 11 2411 665', 'http://springdales.com/', 4.3, 'delhi', 'cbse', 28.644505, 77.196651, 'DE1621.jpg'),
('DE1669', 'greenway modern school', 'a-210, jhilmil colony', '+91 11 2214 079', 'http://www.greenwayschool.org/', 3.8, 'delhi', 'cbse', 28.682742, 77.316223, 'DE1669.png'),
('DE1695', 'st. thomas\' girls senior secondary school', 'st. thomas church, mandir marg', '+91 11 2336 409', 'http://stthomasgirlsschool.com/', 4.2, 'delhi', 'cbse', 28.639783, 77.204141, 'DE1695.jpg'),
('DE1723', 'lovely public senior secondary school,delhi', 'priyadarshini vihar, near bank enclave,laxmi nagar', '+91 11 2205 836', 'http://lpsschool.com/', 3.6, 'delhi', 'cbse', 28.641083, 77.278087, 'DE1723.jpg'),
('DE1759', 'happy english school (no.ii)', '294 block, patpar ganj rd, 11, link pusta rd', '+91 11 2241 111', 'http://www.hesgc.com/', 3, 'delhi', 'icse', 28.652707, 77.278439, 'DE1759.jpg'),
('DE1773', 'dtea senior secondary school', 'nanakpura, near police station, moti bagh 2', '+91 11 2467 372', 'http://www.dteaschools.org/', 3.7, 'delhi', 'cbse', 28.594653, 77.226212, 'DE1773.jpg'),
('DE1792', 'sardar patel vidyalaya', 'sardar patel vidyalaya', '+91 11 2462 734', 'http://spvdelhi.org/', 4.6, 'delhi', 'cbse', 28.597217, 77.22686, 'DE1792.jpg'),
('DE1793', 'modern school', 'barakhamba rd', '+91 11 2331 161', 'http://www.modernschool.net/', 4.4, 'delhi', 'cbse', 28.628607, 77.229359, 'DE1793.jpg'),
('DE1816', 'the pinnacle school', 'senior junior and tiny tots, d-block panchsheel enclave, new delhi', '+91 88609 35481', 'http://thepinnacleschool.com/', 3, 'delhi', 'cbse', 28.545088, 77.228499, 'DE1816.png'),
('DE1820', 'maple bear canadian pre-school, new friends colony\n', 'b-324, new friends colony', '+91 95999 36624', 'http://www.maplebear.in/nfcdelhi', 5, 'delhi', 'cbse', 28.567747, 77.274013, 'DE1820.png'),
('DE1828', 'the sanskriti', '2058, chandani chowk, paranthe wali gali, chandani chowk', '+91 11 2327 854', 'http://www.sanskritischool.edu.in/', 1, 'delhi', 'cbse', 28.664, 77.243012, 'DE1828.png'),
('DE1845', 'st. columba\'s school', '1, ashok place, near gole dakhana, gole market', '+91 11 2336 346', 'http://stcolumbas.edu.in/', 4.7, 'delhi', 'cbse', 28.629685, 77.20649, 'DE1845.jpg'),
('DE1876', 'lady irwin senior secondary school', 'shrimant madhav rao scindia marg', '+91 11 2338 956', 'http://www.ladyirwinschool.org/', 4.1, 'delhi', 'cbse', 28.577866, 77.270889, 'DE1876.jpg'),
('DE1877', 'ryan international school', 'complex, sector 21/b, kondli gharouli', '+91 11 2261 576', 'http://www.ryaninternationalschools.com/rismayurvihar/', 3.6, 'delhi', 'cbse', 28.538593, 77.138796, 'DE1877.jpg'),
('DE1898', 'geeta national primary school', 'i-193, laxmi nagar', '+91 98108 89490', 'http://delhi.gov.in/wps/wcm/connect/DOIT_Education/education/home/about+us/list+of+public+schools+recognised+by+mcd', 4, 'delhi', 'cbse', 28.624646, 77.283693, 'DE1898.png'),
('DE1940', 'green fields school', 'block a 2, chaudhary jhandu singh rd', '+91 11 2610 110', 'http://www.greenfieldsschool.co.in/', 4.2, 'delhi', 'cbse', 28.566694, 77.194512, 'DE1940.png'),
('DE1981', 'ryan international school', 'block e, opp durga mandir, preet vihar', '+91 11 2204 577', 'http://www.ryaninternational.org/', 3.8, 'delhi', 'icse', 28.613994, 77.335975, 'DE1981.png'),
('DE524', 'carmel convent school', 'malcha marg', '+91 11 2687 129', 'http://carmeldelhi.com/', 4.4, 'delhi', 'cbse', 28.610863, 77.260008, 'DE524.jpg'),
('DE535', 'anglo arabic senior secondary school', 'ajmeri gate', '+91 11 2321 273', 'http://angloarabic.co.in/', 5, 'delhi', '', 28.646156, 77.223199, 'DE535.jpg'),
('DE536', 'brats n cuties - best pre schools', 'r-25 naveen shahdara', '+91 70423 14545', 'http://www.bratsandcuties.com/', 3, 'delhi', '', 28.687891, 77.307882, 'DE536.jpg'),
('DE552', 'bal mandir public school', 'gali number 18, kailash nagar, seelampur', '+91 11 2254 837', 'https://balmandirschool.com/', 2.8, 'delhi', 'cbse', 28.663594, 77.2611, 'DE552.jpg'),
('DE553', 'vaishali public school', '7-8 sunder park, shastri nagar', '+91 11 2246 889', 'http://delhi.gov.in/wps/wcm/connect/DOIT_Education/education/home/about+us/list+of+public+schools+recognised+by+doe', 3.6, 'delhi', 'cbse', 28.646032, 77.274826, 'DE553.png'),
('DE576', 'the ardee school', 'maharshi raman marg', '+91 98111 10042', 'http://www.theardeeschool.com/', 4.1, 'delhi', 'igcse', 28.599602, 77.23024, 'DE576.png'),
('DE584', 'presentation convent sr. sec. school', 'shyama prasad mukherji marg, between red fort & old delhi railway station', '+91 11 2386 286', 'http://www.pcsdelhi.in/', 4.4, 'delhi', 'cbse', 28.659853, 77.23571, 'DE584.JPG'),
('DE606', 'hillwoods academy school', 'g- block, preet vihar', '+91 11 2252 485', 'http://www.hillwoodsindia.com/', 4, 'delhi', 'cbse', 28.642013, 77.300617, 'DE606.jpg'),
('DE645', 'mater dei school', 'tilak lane', '+91 11 2338 767', 'http://www.materdeischool.in/', 4.5, 'delhi', 'cbse', 28.616575, 77.236974, 'DE645.jpg'),
('DE684', 'mother\'s global school', 'c-block, preet vihar', '+91 11 2250 190', 'http://mothersglobal.in/', 4.3, 'delhi', 'cbse', 28.636614, 77.293083, 'DE684.jpg'),
('DE701', 'lady irwin senior secondary school', 'shrimant madhav rao scindia marg', '+91 11 2338 956', 'http://www.ladyirwinschool.org/', 4.1, 'delhi', 'cbse', 28.620147, 77.224455, 'DE701.jpg'),
('DE724', 'delhi public school r.k.puram', 'delhi public school, kaifi azmi marg', '+91 11 4911 550', 'http://www.dpsrkp.net/', 4.1, 'delhi', 'cbse', 28.573066, 77.176264, 'DE724.jpg'),
('DE735', 'ambience public school', 'a-1, safdurjung enclave', '+91 11 4723 200', 'http://www.ambiencepublicschool.com/', 4.3, 'delhi', 'cbse', 28.566152, 77.19885, 'DE735.png'),
('DE759', 'national victor public school', 'ip ext', '+91 11 2224 820', 'http://www.nationalvictor.org/', 4, 'delhi', 'cbse', 28.631892, 77.312214, 'DE759.jpg'),
('DE760', 'bharat national public school', 'ram vihar, karkardooma, delhi-110092', '+91 11 2237 087', 'http://www.bnpsramvihar.edu.in/', 4, 'delhi', 'cbse', 28.658146, 28.658146, 'DE760.png'),
('DE792', 'delhi public school mathura road', 'mathura rd', '+91 11 4339 920', 'http://www.dpsmathuraroad.org/', 4.1, 'delhi', 'cbse', 28.597453, 77.242805, 'DE792.jpg'),
('DE796', 'salwan public school', 'kondli-gharoli complex, mayur vihar-iii', '+91 98144 49630', 'http://www.spsmayurvihar.com/', 4.4, 'delhi', 'cbse', 28.610166, 77.339301, 'DE796.png'),
('DE812', 'maple bear canadian pre-school', 'block b-1/46, ground floor, safdarjung enclave', '+91 98107 76259', 'http://www.maplebear.in/safdarjungenclave/', 4.2, 'delhi', 'cbse', 28.566017, 77.191331, 'DE812.png'),
('DE857', 'bal mandir senior secondary school', 'defence enclave, vikas marg', '+91 11 2254 873', 'http://www.balmandirschool.com/', 3.6, 'delhi', 'cbse', 28.64202, 77.292893, 'DE857.jpg'),
('DE858', 'the british school', 'dr jose p rizal marg', '+91 11 4066 416', 'http://www.british-school.org/', 4.1, 'delhi', 'igcse', 28.597658, 77.18142, 'DE858.jpg'),
('DE877', 'new green land public school', '351 krishan kunj cly. laxmi nagar', '+91 70844 87359', 'http://www.delhi.gov.in/wps/wcm/connect/DOIT_Education/education/home/about+us/list+of+public+schools+recognised+by+mcd', 3.1, 'delhi', 'cbse', 28.640112, 77.276879, 'DE877.png'),
('DE945', 'st. xavier\'s senior secondary school', '4, raj niwas marg', '+91 11 2395 777', 'http://www.stxaviersdelhi.com/', 4.5, 'delhi', 'cbse', 28.672705, 77.223209, 'DE945.jpg'),
('DE978', 'army public school', 'ridge road', '+91 11 2569 313', 'http://www.apsdk.com/', 4.5, 'delhi', 'cbse', 28.600982, 77.169686, 'DE978.jpg'),
('GH1012', 'vds convent school', 'm-42, pratap vihar', '+91 120 321 923', 'http://vdsconventschool.com/', 4, 'ghaziabad', 'cbse', 28.656967, 77.416007, 'GH1012.png'),
('GH1073', 'diwakar model school', 'd-23/1 ghaziabad', '+91 98107 46270', 'http://www.diwakarmodelschool.in/', 3.3, 'ghaziabad', 'cbse', 28.677598, 77.371175, 'GH1073.png'),
('GH1081', 'aryan public school', 'kaling marg', '+91 120 457 151', 'http://www.aryanpublicschool.com/', 3.8, 'ghaziabad', '', 28.645475, 77.342776, 'GH1081.png'),
('GH1102', 'well being special school', '218, gyan khand 1', '+91 98119 58619', 'https://www.facebook.com/wellbeingspecialschool', 4.8, 'ghaziabad', '', 28.641992, 77.351465, 'GH1102.png'),
('GH1124', 'sun valley international school', 'a-1, sector 1, vaishali', '+91 120 277 772', 'http://sunvalleyncr.com/', 4.1, 'ghaziabad', 'cbse', 28.635623, 77.331964, 'GH1124.png'),
('GH1129', 'divakar model school', 'divakar model school,', '+91 120 262 025', 'http://www.diwakarmodelschool.in/', 4.5, 'ghaziabad', 'cbse', 28.677532, 77.371476, 'GH1129.png'),
('GH1130', 'rainbow -the play group', '186, gyan khand 1', '+91 98110 26960', 'http://www.rainbow-theplaygroup.com/', 4.7, 'ghaziabad', '', 28.641843, 77.350529, 'GH1130.png'),
('GH1143', 'sahaj international school', 'plot no.3, gyan khan-1, indirapuram, gyan khand 1', '+91 81302 94809', 'http://sahajinternationalschool.com/', 4.2, 'ghaziabad', '', 28.642536, 77.350337, 'GH1143.png'),
('GH1157', 'play school in indirapuram', '186, gyan khand 1', '+91 90159 26222', 'http://www.rainbow-theplaygroup.com/', 5, 'ghaziabad', 'cbse', 28.641831, 77.351253, 'GH1157.png'),
('GH1164', 'delhi public school indirapuram', '526/1, ahinsa khand -ii, indirapuram', '+91 120 466 000', 'http://www.dpsindirapuram.com/', 4.6, 'ghaziabad', 'cbse', 28.64554, 77.381693, 'GH1164.png'),
('GH1181', 'd.a.v. public school, brij vihar', 'brij vihar', '+91 120 264 138', 'http://davbrijvihar.com/', 3.6, 'ghaziabad', 'cbse', 28.671204, 77.338279, 'GH1181.png'),
('GH1204', 'pratap viharssk public school', 'f-block, sector-11, pratap vihar, pratap vihar', '+91 120 274 190', 'http://www.sskpublicschool.org/123456', 3.3, 'ghaziabad', 'cbse', 28.655053, 77.41332, 'GH1204.png'),
('GH1216', 'ralli international school', 'nitikhand-iii, indirapuram', '+91 120 490 162', 'http://www.ralliinternationalschool.com/', 4.6, 'ghaziabad', 'cbse', 28.645484, 77.376515, 'GH1216.png'),
('GH1222', 'vanasthali public school', 'sector 3, vasundhara', '+91 120 411 106', 'http://www.vanasthalischool.in/', 3.6, 'ghaziabad', '', 28.664789, 77.386995, 'GH1222.png'),
('GH1239', 'jkg international school indirapuram', 'plot number-13/14, shakti khand 2, opp swarn jayanti park, indirapuram', '+91 120 265 310', 'http://www.jkgschool.com/jkgi/', 4.1, 'ghaziabad', 'cbse', 28.646681, 77.369072, 'GH1239.png'),
('GH1246', 'diwakar model school', 'main near l r college', '+91 98107 46270', 'http://www.diwakarmodelschool.in/', 3.2, 'ghaziabad', 'cbse', 28.678787, 77.377915, 'GH1246.png'),
('GH1252', 'mother\'s pride patel nagar, ghaziabad', 'a-,, 105, meerut rd', '+91 78386 54293', 'http://motherspridepreschool.com/', 3.7, 'ghaziabad', '', 28.673041, 77.415665, 'GH1252.png'),
('GH1264', 'risekids pre-school', 'mar-90', '+91 78400 02116', 'http://risekids.in/', 4, 'ghaziabad', '', 28.666561, 77.387337, 'GH1264.png'),
('GH1302', 'mount litera zee school', 'b-8, rajiv colony marg, block b, loni industrial area, near bls institute of management, mohan nagar', '+91 120 419 254', 'http://www.mountliteragzb.com/', 3.6, 'ghaziabad', 'cbse', 28.681077, 77.384504, 'GH1302.png'),
('GH1316', 'fatima convent senior secondary school.', 'nandgram rd', '+91 120 287 184', 'http://fatimaconventschool.com/', 4.3, 'ghaziabad', 'cisce', 28.684062, 77.414162, 'GH1316.png'),
('GH1317', 'hand in hand- a play school & day care', 'plot no: 404', '+91 98109 56464', 'http://www.handinhand.in/', 4.2, 'ghaziabad', '', 28.641902, 77.372949, 'GH1317.png'),
('GH1331', 'maple bear canadian school, indirapuram, ghaziabad', 'gate, street number 04', '+91 85128 88820', 'http://www.maplebear.in/shiprasuncity/', 3.9, 'ghaziabad', '', 28.638547, 77.376322, 'GH1331.jpg'),
('GH1343', 'indirapuram public school', 'c-block, sector 12, pratap vihar', '+91 120 284 003', 'http://www.indirapuramschool.com/', 3.9, 'ghaziabad', 'cbse', 28.64133, 77.354138, 'GH1343.png'),
('GH1375', 'diwakar model school', 'ghaziabad', '+91 98107 46270', 'http://www.diwakarmodelschool.in/', 3.1, 'ghaziabad', 'cbse', 28.672272, 77.332181, 'GH1375.png'),
('GH1376', 'aryan kids world', 'sector-4, vaishali', '+91 120 277 347', 'http://www.aryanpublicschool.com/content/aryan-kids-world', 3.6, 'ghaziabad', 'cbse', 28.645075, 77.343146, 'GH1376.png'),
('GH1391', 'kr mangalam world school', 'plot no 11, sector 6, near arogya hospital, vaishali extension, ramprastha greens, vaishali', '+91 87507 83999', 'http://krmangalam.com/vaishali/', 4.2, 'ghaziabad', 'cbse', 28.655029, 77.364873, 'GH1391.jpg'),
('GH1435', 'dav public school, sahibabad', 'sector - ii, t.h. a., rajender nagar, sahibabad', '+91 120 263 120', 'http://www.davpssahibabad.org/', 4.2, 'ghaziabad', 'cbse', 28.684823, 28.684823, 'GH1435.jpg'),
('GH1437', 'sanfort', 'plot no 433 sector 4 oppt. milan garden gate no.1 rampratha green sector 4, vaishali', '+91 87440 00268', 'http://www.sanfortschools.com/', 4.1, 'ghaziabad', '', 28.661734, 77.383272, 'GH1437.png'),
('GH1473', 'arwachin public school', 'sector 14, vasundhra', '+91 120 288 414', 'http://www.arwachinkids.com/', 3.8, 'ghaziabad', 'cbse', 28.657739, 77.361221, 'GH1473.png'),
('GH1483', 'cshp public school', 'pratap vihar, g block', '+91 120 284 303', 'http://www.cshpschool.com/', 3.2, 'ghaziabad', 'cbse', 28.658451, 77.411477, 'GH1483.png'),
('GH1493', 'shree thakurdwara balika vidyalaya', 'hapur road tiraha, g.t.road', '+91 120 283 247', 'http://www.thakurdwaraschool.com/', 4, 'ghaziabad', 'cbse', 28.666072, 77.422188, 'GH1493.png'),
('GH1494', 'khaitan public school', 'ganga banquet rd, sector 5, rajendra nagar, sahibabad', '+91 120 485 030', 'http://khaitanpublicschool.com/', 4.2, 'ghaziabad', 'cbse', 28.682765, 77.354062, 'GH1494.png'),
('GH1513', 'cambridge school', 'shakti khand ii, indirapuram', '+91 120 260 733', 'http://www.csindirapuram.com/', 4.4, 'ghaziabad', 'cbse', 28.647239, 77.365377, 'GH1513.png'),
('GH1581', 'allenhouse public school', 'ps2', '+91 97176 52378', 'http://www.allenhouseghaziabad.com/', 4.3, 'ghaziabad', 'cbse', 28.669179, 77.388783, 'GH1581.png'),
('GH1582', 'police modern school', '41 battalion p.a.c, sector-1, vaishali', '+91 120 277 207', 'http://www.pms41bn.com/', 4.4, 'ghaziabad', 'cbse', 28.638172, 77.332147, 'GH1582.png'),
('GH1583', 'delhi convent school, ghaziabad', 'vikram enclave,shalimar garden,aradhana cinema,sahibabad, major mohit sharma marg', '+91 93102 11400', 'https://delhi-convent-school-ghaziabad.business.site/', 5, 'ghaziabad', 'cbse', 28.692941, 77.339652, 'GH1583.png'),
('GH1606', 'st teresa school', 'shakti khand-ii, indirapuram', '+91 88260 00216', 'http://www.stteresaschool.in/', 4.3, 'ghaziabad', 'cbse', 28.64771, 77.36904, 'GH1606.png'),
('GH1633', 'kr mangalam world school', 'plot no 11, sector 6, near arogya hospital, vaishali extension, ramprastha greens, vaishali', '+91 87507 83999', 'http://krmangalam.com/vaishali/', 4.2, 'ghaziabad', 'cbse', 28.647186, 77.351282, 'GH1633.png'),
('GH1650', 'risekids pre-school', '1/53 & 1/54,', '+91 78400 02559', 'http://risekids.in/', 3.5, 'ghaziabad', '', 28.666533, 77.387487, 'GH1650.png'),
('GH1657', 'dps indirapuram', 'no. 526/1, judges enclave, indirapuram, ahinsa khand -ii', '+91 120 466 000', 'http://www.dpsindirapuram.com/', 4.1, 'ghaziabad', 'cbse', 28.645606, 77.381264, 'GH1657.png'),
('GH1693', 'vivekanand global school', 'kala pathar marg', '+91 92117 28856', 'http://www.vgsindirapuram.com/', 3.7, 'ghaziabad', 'cbse', 28.634037, 77.360358, 'GH1693.png'),
('GH1755', 'mother\'s pride vasundhara', 'plot no. 510, friend\'s society, sector 12, vasundhara', '+91 88606 35328', 'http://www.motherspridepreschool.com/', 4.4, 'ghaziabad', '', 28.667493, 77.374751, 'GH1755.png'),
('GH1756', 'st thomas school', 'sector iv, lajpat nagar,sahibabad', '+91 120 263 067', 'http://www.stthomasghaziabad.org/', 3.7, 'ghaziabad', 'cbse', 28.645327, 77.352154, 'GH1756.png'),
('GH1776', 'amity international school', 'hs-1 sector-1, vasundhara', '+91 120 269 929', 'http://www.amity.edu/ais/aisv1/', 4.1, 'ghaziabad', 'cbse', 28.667325, 77.388329, 'GH1776.png'),
('GH1781', 'sanfort', '405,', '+91 98710 41563', 'http://www.sanfortschools.com/', 2.7, 'ghaziabad', '', 28.661794, 77.383462, 'GH1781.png'),
('GH1812', 'new rainbow public school', 'p-block, sec-12, pratap vihar', '+91 120 274 635', 'http://www.nrpschool.com/', 4.2, 'ghaziabad', 'cbse', 28.650767, 77.410629, 'GH1812.png'),
('GH1820', 'bloom public s.r secondary school', 'k-13, e-block, vijay nagar, sector-9, pratap vihar', '+91 99115 11615', 'http://www.bloompublicschoolgzb.com/', 3.4, 'ghaziabad', 'cbse', 28.64795, 77.407886, 'GH1820.png'),
('GH1822', 'st. francis school', 'abhay khand-iii/2, indirapuram, ghaziabad', '+91 120 269 031', 'http://www.sfsindirapuram.com/', 3.8, 'ghaziabad', 'cbse', 28.640603, 77.346463, 'GH1822.jpg'),
('GH1855', 'national public school', 'plot no :38, gali number 3, shyam park', '+91 120 265 730', 'http://www.nationalpublicschool.org.in/', 3.3, 'ghaziabad', 'cbse', 28.687268, 77.360782, 'GH1855.png'),
('GH1902', 'maple bear canadian school, indirapuram, ghaziabad', 'gate, street number 04', '+91 85128 88820', 'http://www.maplebear.in/shiprasuncity/', 3.9, 'ghaziabad', '', 28.638444, 77.375957, 'GH1902.png'),
('GH1918', 'the modern school', 'sector 2a/cc, vasundhara', '+91 120 650 047', 'http://modernschoolgz.com/', 4.1, 'ghaziabad', 'cbse', 28.667545, 77.391168, 'GH1918.png'),
('GH1932', 'delhi public school', 'sector 9, vasundhara', '+91 120 288 026', 'http://dpsgv.in/', 4, 'ghaziabad', 'cbse', 28.658104, 77.37148, 'GH1932.png'),
('GH503', 'mother\'s pride sahibabad', '3/36, sector 5, rajendra nagar sahibabad', '+91 78386 53122', 'http://www.motherspridepreschool.com/', 4.1, 'ghaziabad', '', 28.685604, 77.375713, 'GH503.png'),
('GH512', 'sanfort school- top, preschool, play school franchise in ghaziabad, delhi,india', '1514/1,', '+91 99906 42929', 'http://www.sanfortschools.com/', 4.6, 'ghaziabad', '', 28.661816, 77.383309, 'GH512.png'),
('GH527', 'sanfort', '338, gyan khand 1', '+91 85869 26794', 'http://www.sanfortschools.com/', 3.7, 'ghaziabad', '', 28.661757, 77.382905, 'GH527.png'),
('GH618', 'gd goenka public school', '711, shakti khand iii, indirapuram', '+91 99995 72500', 'http://gdgoenkaschoolindirapuram.com/', 3.4, 'ghaziabad', 'cbse', 28.702011, 77.414102, 'GH618.png'),
('GH637', 'bloom public senior secondary school', 'e-block,sec-11,pratap vihar', '+91 99997 46018', 'http://www.bloompublicschoolgzb.com/', 3.3, 'ghaziabad', 'cbse', 28.655011, 77.415088, 'GH637.png'),
('GH679', 'caterpillar cafe playway', '1213 near one mart mall', '+91 99535 29006', 'http://www.mycity4kids.com/caterpillarcafe', 5, 'ghaziabad', '', 28.663569, 77.378342, 'GH679.png'),
('GH680', 'risekids pre-school', 'iii-a / 14, sector 3, vaishali', '+91 78400 02669', 'http://www.risekids.in/', 5, 'ghaziabad', '', 28.66658, 77.387004, 'GH680.png'),
('GH684', 'diwakar model school', 'd. 23/1, gt road', '+91 120 263 004', 'http://www.diwakarmodelschool.in/', 2.4, 'ghaziabad', 'cbse', 28.677532, 77.371798, 'GH684.png'),
('GH760', 'mothers pride academy', 'vasundhara mother\'s pride academy sector-12, vasundhara, ghaziabad-201012', '+91 99108 99613', 'https://www.motherspridepreschool.com/', 3.9, 'ghaziabad', '', 28.660019, 77.366706, 'GH760.png'),
('GH792', 'little millennium indirapuram -pre school', 'plot no-446, niti khand -2, opp shipra society indirapuram, ,near abhilasha properties', '+91 99580 01800', 'http://www.littlemillenniumindirapuram.com/', 4.6, 'ghaziabad', '', 28.641878, 77.363463, 'GH792.png'),
('GH851', 'risekids pre-school', '13/157  a, near maharaja agarsain public school, sec -1 3', '+91 1800 833 53', 'http://www.risekids.in/', 4, 'ghaziabad', '', 28.666504, 77.387283, 'GH851.png'),
('GH853', 'sanfort indirapuram- nursery school, kindergarten, best play school, best preschool in indirapuram', '136, niti khand ii, indirapuram', '+91 95407 71133', 'http://www.sanfortschools.com/', 4.2, 'ghaziabad', '', 28.645855, 77.371486, 'GH853.png'),
('GH874', 'presidium school indirapuram', 'a-16, habitat centre, ahinsa khand- i, indirapuram', '+91 78386 54425', 'http://www.presidiumindirapuram.com/', 3.8, 'ghaziabad', 'cbse', 28.641198, 77.369812, 'GH874.png'),
('GH875', 'ralli international school', 'nitikhand-iii, indirapuram', '+91 120 490 162', 'http://www.ralliinternationalschool.com/', 4.6, 'ghaziabad', 'cbse', 28.644881, 77.376242, 'GH875.png'),
('GH933', 'ch. chhabil dass public school', 'ch, b - block, chhabil das marg', '+91 120 285 695', 'http://ccdps.in/', 3.9, 'ghaziabad', 'cbse', 28.673249, 77.420647, 'GH933.png'),
('GH943', 'seth anandram jaipuria school', 'sector 14, vasundhara', '+91 120 417 930', 'http://jaipuria.edu.in/ghaziabadschool/', 4, 'ghaziabad', 'cbse', 28.658244, 77.363203, 'GH943.png'),
('GH965', 'vanasthali public school', 'plot no. 2, gautam palvi road, block c, sector 2, vaishali', '+91 120 321 332', 'http://www.vpsvaishali.com/', 4.1, 'ghaziabad', 'cbse', 28.664808, 77.387199, 'GH965.png'),
('GU1049', 'ryan global school', 'superb star residency', '+91 124 238 011', 'http://www.ryanglobalschools.com/site/gurgaon/', 3.7, 'gurgaon', 'cbse', 28.452736, 77.055586, 'GU1049.png'),
('GU1053', 'suncity school gurgaon', 'suncity township, sector 54', '+91 124 484 530', 'http://www.suncityschool.in/', 4.4, 'gurgaon', 'cbse', 28.461706, 77.067075, 'GU1053.png'),
('GU1088', 'top school in gurgaon', 'technical paradise, sector 56, gurgoan, basai rd', '+91 124 411 278', 'https://www.scottishigh.com/', 5, 'gurgaon', 'cbse', 28.449502, 76.987453, 'GU1088.png'),
('GU1198', 'american montessori public school', 'l-block, cassia marg, dlf city, phase-ii', '+91 124 235 313', 'http://www.americanpublicschool.com/', 4.3, 'gurgaon', 'cbse', 28.485059, 77.082095, 'GU1198.png'),
('GU1222', 'blue bells model school', 'sector- 4, urban estate, huda market', '+91 124 469 888', 'http://www.bluebells.org/', 3.2, 'gurgaon', 'cbse', 28.478023, 77.012623, 'GU1222.png'),
('GU1320', 'shiv nadar school', 'dlf city, phase -1 block -e, pahari road', '+91 124 454 920', 'http://shivnadarschool.edu.in/website/gurgaon/overview/', 3.5, 'gurgaon', 'cbse', 28.477813, 77.160812, 'GU1320.png'),
('GU1346', 'ajanta public school', 'sector-31', '+91 124 238 182', 'http://www.ajantapublicschool.org/', 3.8, 'gurgaon', '', 28.451361, 77.048827, 'GU1346.png'),
('GU1350', 'shri shiv narain sidheswar senior secondary public school', 'sector 9a, near esi hospital', '+91 124 428 131', 'http://snsidheshwar.com/', 4, 'gurgaon', 'cbse', 28.467594, 76.996838, 'GU1350.png'),
('GU1455', 'the vidya school', 'plot no. 3126, block s, near st. stephens hospital, dlf phase  3, sector 24', '+91 124 404 955', 'http://vidyaschool.com/', 5, 'gurgaon', 'cbse', 28.485918, 77.099733, 'GU1455.png'),
('GU1456', 'summer fields school dlf', 'dlf qutab enclave complex, phase-i', '+91 124 235 653', 'http://www.sfsdlf.com/sfs/', 4.3, 'gurgaon', 'cbse', 28.473429, 77.098096, 'GU1456.png'),
('GU1462', 'janta school', 'near balaji temple, sector 37, khandsa village road', '+91 124 238 182', 'http://www.ajantapublicschool.org/', 3, 'gurgaon', 'cbse', 28.434345, 77.003285, 'GU1462.png'),
('GU1491', 'shalom hills international school', 'block c, sushant lok phase i', '+91 124 404 647', 'http://www.shalomhills.com/', 4.4, 'gurgaon', 'cbse', 28.448612, 77.084338, 'GU1491.png'),
('GU1558', 'dav public school', 'near khandsa road, sector 10a', '+91 124 237 355', 'http://www.dav14gurgaon.org/', 3.8, 'gurgaon', 'cbse', 28.476547, 77.051829, 'GU1558.png'),
('GU1596', 'blue bells preparatory school', 'old railway rd', '+91 124 469 888', 'http://www.bluebells.org/', 3.9, 'gurgaon', '', 28.474784, 77.017314, 'GU1596.png'),
('GU1672', 'kiit world school junior', 'near amity international school,, 3180p, vikas marg,, sector 46,', '+91 124 257 977', 'http://www.kiitworldgurgaon.com/', 4.9, 'gurgaon', 'cbse', 28.435, 77.063977, 'GU1672.png'),
('GU1694', 'delhi public school', 'sector-102 a, dwarka expy', '+91 81303 14455', 'http://www.dpsgurgaon.in/', 4.5, 'gurgaon', 'cbse', 28.464579, 77.076164, 'GU1694.png'),
('GU1718', 'sharda international school', 'shiv nagar, pataudi road, sector-10 a', '+91 124 232 173', 'http://www.shardainternationalschool.in/', 3.5, 'gurgaon', 'cbse', 28.464946, 77.000134, 'GU1718.png'),
('GU1744', 'ryan international school', 'site no. 1 , sector 40', '+91 124 238 318', 'http://www.ryaninternational.org/', 2.2, 'gurgaon', 'cbse', 28.460843, 77.067539, 'GU1744.png'),
('GU1777', 'gurugram public school', 'plot no. 5 sector 55, sushant lok ii', '+91 124 437 342', 'http://www.gurugramschool.in/', 3.8, 'gurgaon', 'cbse', 28.426068, 77.106783, 'GU1777.png'),
('GU1795', 'amity international school', 'huda colony, sector 46 gurugram, near ambedkar chow, wazir pur road', '+91 98109 83009', 'http://www.amity.edu/ais/aisg2/', 2.6, 'gurgaon', 'cbse', 28.436824, 77.064977, 'GU1795.png'),
('GU1860', 'lotus valley international school', 'm-block, south city-ii, sector-50, nirvana country, behind north close', '+91 124 493 690', 'http://www.lotusvalleygurgaon.com/', 4, 'gurgaon', 'cbse', 28.538415, 77.345815, 'GU1860.png'),
('GU1920', 'delhi public school primary wing', 'p 208, sector 47, behind malibu town', '+91 124 412 590', 'http://www.dpsgurgaon.org/', 3.8, 'gurgaon', 'cbse', 28.429657, 77.053009, 'GU1920.png'),
('GU1944', 'gyan devi public school', 'sector 17a', '+91 124 234 212', 'http://www.gyandevi.com/', 4, 'gurgaon', 'cbse', 28.479949, 77.057224, 'GU1944.png'),
('GU1958', 'shalom hills international school', 'c/2144, st thomas marg', '+91 124 404 647', 'http://www.shalomhills.com/', 4.3, 'gurgaon', 'cbse', 28.448697, 77.08452, 'GU1958.png'),
('GU503', 'g d goenka global school', 'r/6/5, s-31b/5-6, galli number 30', '+91 124 235 000', 'http://www.gdgoenkaglobal.com/', 4.9, 'gurgaon', '', 28.486125, 77.102176, 'GU503.png'),
('GU516', 'scottish high international school', 'block- g, sushant lok ii, sector 57, near hongkong bazar', '+91 124 411 278', 'http://www.scottishigh.com/', 4.1, 'gurgaon', 'igcse', 28.426548, 77.089631, 'GU516.png'),
('GU522', 'st angel\'s senior secondary school', 'uday nagar, sector 45 326 vikas marg block c uday nagar sector 45 gurgaon  122003 republic of', '+91 124 258 025', 'http://www.stangels.co.in/', 4.4, 'gurgaon', 'icse', 28.442103, 77.0704, 'GU522.png'),
('GU536', 'top school in gurgaon', 'technical paradise, sector 56, gurgoan, basai rd', '+91 124 411 278', 'https://www.scottishigh.com/', 5, 'gurgaon', 'cbse', 28.449502, 76.987453, 'GU536.png'),
('GU599', 'delhi public school', 'site no. i, sector-45, urban estate', '+91 124 412 580', 'http://www.dpsgurgaon.org/', 3.9, 'gurgaon', 'cbse', 28.464645, 77.076314, 'GU599.png'),
('GU619', 'maple bear canadian preschool, sector 14 gurgaon', 'c- 44/a, old dlf colony, sector 14', '+91 96546 78481', 'http://www.maplebear.in/sector14', 3.2, 'gurgaon', '', 28.470898, 77.046295, 'GU619.png'),
('GU700', 'shikshantar', 'central avenue, block k, south city i, sector 41', '+91 124 488 910', 'http://shikshantarschool.com/', 4.5, 'gurgaon', 'cisce', 28.454267, 77.066221, 'GU700.png'),
('GU730', 'blue bells public school', 'sector -10, urban estate', '+91 98119 45543', 'http://www.bluebells.org/', 4, 'gurgaon', 'cbse', 28.453923, 77.003226, 'GU730.png'),
('GU752', 'delhi public school sushant lok', 'b block, sushant lok phase i, sector 29', '+91 124 404 122', 'http://www.dpssl.net/', 3.8, 'gurgaon', 'cbse', 28.464532, 77.077012, 'GU752.png'),
('GU767', 'the shri ram school aravali', 'hamilton court complex, phase iv, dlf city', '+91 124 478 430', 'http://www.tsrs.org/', 4.3, 'gurgaon', 'cbse', 28.466912, 77.086488, 'GU767.png'),
('GU804', 'shikshantar school - junior wing', 'j-block, south city -1, bhagwan mahaveer marg, sector 41', '+91 124 488 910', 'http://www.shikshantarschool.com/', 4.3, 'gurgaon', '', 28.454239, 77.0662, 'GU804.png'),
('GU912', 'k.r.mangalam world school', 'e- block, south city i', '+91 95400 82727', 'http://krmangalam.com/gurugram/', 4.1, 'gurgaon', 'cbse', 28.461242, 77.067222, 'GU912.png'),
('GU921', 's.d adarsh vidyaalaya', 'sh 13, malibu town, sector47', '+91 98144 49630', 'http://www.sdadarshvidyalayagurgaon.com/', 4.4, 'gurgaon', 'cbse', 28.422546, 77.040063, 'GU921.png'),
('GU928', 'grm public school', 'plot no. 5, sushant lok ii, sector-55', '+91 124 437 342', 'http://www.gurugramschool.in/', 4, 'gurgaon', 'cbse', 28.426091, 77.106936, 'GU928.png'),
('NO1061', 'sanfort play school noida sector 117', 'sanfort noida sector 117, sanfort play school, plot no. gt - 03, sector 117, opp', '+91 95600 23505', 'http://noida117.sanfortschools.com/', 4.3, 'noida', '', 28.573777, 77.396126, 'NO1061.png'),
('NO1088', 'the khaitan school', '1a/a, block f, sector 40', '+91 120 400 757', 'http://www.thekhaitanschool.org/', 3.8, 'noida', 'cbse', 28.565357, 77.352751, 'NO1088.png'),
('NO1155', 'ramagya school : best cbse school in noida | school in noida', 'e-7', '+91 80103 33555', 'http://ramagyaschool.com/', 4.1, 'noida', 'cbse', 28.573631, 77.371503, 'NO1155.png'),
('NO1160', 'the ardee school', '3c complex', '+91 98103 02158', 'http://theardeeschool.com/noida/', 4.2, 'noida', '', 28.560912, 77.276248, 'NO1160.png'),
('NO1187', 'maple bear canadian preschool sector 141, noida', 'sh 44, opposite logix blossom county, sector 141,, 8447884099', '+91 84478 84099', 'http://www.maplebear.in/', 4.9, 'noida', '', 28.509904, 77.416091, 'NO1187.png'),
('NO1201', 'noida public senior secondary school', 'a-78', '+91 120 241 130', 'http://www.noidapublicschool.com/', 3.8, 'noida', 'cbse', 28.593112, 77.352221, 'NO1201.png'),
('NO1231', 'global indian international school (giis), noida campus', 'd-5', '+91 97186 66111', 'http://www.giisnoida.org/', 4.2, 'noida', 'cbse', 28.592419, 77.379852, 'NO1231.png'),
('NO1257', 'kidzee noida', 'i-110', '+91 98111 30621', 'http://www.kidzeenoida.com/', 4, 'noida', '', 28.575701, 77.375224, 'NO1257.png'),
('NO1280', 'billabong high international school', 'a-73, sector-34', '+91 120 423 312', 'http://billabonghighschoolnoida.com/', 4.3, 'noida', 'cbse', 28.583982, 77.36346, 'NO1280.png'),
('NO1282', 'sugar pie play school noida sector 137 by mothers pride', 'unit no -204, t-26, paras tierea, sector 137, noida', '+91 99993 22625', 'https://sugarpieplayschoolnoida.business.site/', 5, 'noida', '', 28.506204, 77.411155, 'NO1282.png'),
('NO1363', 'adarsh public school', 'b -193', '+91 120 249 898', 'http://www.adarshpublicschoolnoida.com/', 3.7, 'noida', 'cbse', 28.633232, 77.07133, 'NO1363.png'),
('NO1407', 'somerville school', 'd-89, sector- 22, gautam buddh nagar', '+91 120 241 505', 'http://www.somervillenoida.in/', 4.1, 'noida', '', 28.594618, 28.594618, 'NO1407.png'),
('NO1462', 'cambridge school', 'chhalera, bisrakh', '+91 120 252 364', 'http://noida.cambridgeschool.edu.in/', 3, 'noida', 'cbse', 28.573109, 77.328855, 'NO1462.png'),
('NO1470', 'army public school, noida', 'sector 37, arun vihar, opposite shaheed smarak', '+91 120 243 043', 'http://apsnoida.edu.in/', 4.4, 'noida', 'cbse', 28.566768, 77.339373, 'NO1470.png'),
('NO1476', 'sapphire international school', 'e-22b, sector-8', '+91 82680 39994', 'http://www.sapphireschool.in/', 3, 'noida', 'cbse', 28.596402, 77.381189, 'NO1476.png'),
('NO1547', 'j. s. s. public school', 'gali number 3, jhariya colony', '+91 99905 21559', 'http://jsspsn.edu.in/', 3, 'noida', 'cbse', 28.565766, 77.376986, 'NO1547.png'),
('NO1548', 'sarla chopra dav public school', 'a53a, sector 56', '+91 120 425 805', 'http://www.davnoida.org/', 4.1, 'noida', 'cbse', 28.604139, 77.345247, 'NO1548.png'),
('NO1576', 'assisi convent school', 'a-43, block a, sector 33', '+91 120 250 541', 'http://assisinoida.com/', 4.2, 'noida', 'cbse', 28.588572, 77.353972, 'NO1576.png'),
('NO1577', 'lps global school', 'd-196/2', '+91 92053 58900', 'http://lpsglobal.org/', 4.5, 'noida', 'cbse', 28.579652, 77.376741, 'NO1577.png'),
('NO1597', 'somerville international school', 'a-07, sector - 132, expressway, noida, distt. gautam budh nagar', '+91 96505 06358', 'http://www.somervilleinternational.in/', 4.2, 'noida', 'cbse', 28.509248, 77.375289, 'NO1597.png'),
('NO1599', 'the millennium school', 'no.d-108, aghapur, sector 41', '+91 120 421 734', 'http://www.themillenniumschools.com/', 3.6, 'noida', '', 28.567259, 77.359151, 'NO1599.png'),
('NO1642', 'noida school of rock', 'a 117c, sector 35', '+91 98184 48705', 'http://www.noidaschoolofrock.com/', 4, 'noida', '', 28.581728, 77.356029, 'NO1642.png'),
('NO1643', 'the millennium school', 'plot no. ss-01,, sector 119', '+91 99588 89650', 'http://themillenniumschools.com/', 3.9, 'noida', 'cbse', 28.594974, 77.408844, 'NO1643.png'),
('NO1664', 'brahmananda public school', 'a-62/a, sector 20, gautam buddh nagar', '+91 120 252 382', 'http://www.brahmanandaindia.org/', 3.9, 'noida', 'cbse', 28.583158, 77.328474, 'NO1664.png'),
('NO1679', 'indian national public school', 'e-78a, sector 20', '+91 120 432 087', 'http://www.inpschool.com/', 3.4, 'noida', 'cbse', 28.583603, 77.333764, 'NO1679.png'),
('NO1718', 'jbm global school', 'a-11, sector 132, expressway', '+91 99101 53515', 'http://www.jbms.in/', 4.5, 'noida', 'cbse', 28.513795, 77.378813, 'NO1718.png'),
('NO1736', 'bal bharati public school', 'sector 21', '+91 120 253 853', 'http://bbpsnoida.balbharati.org/', 3.5, 'noida', 'cbse', 28.585627, 77.338144, 'NO1736.png'),
('NO1761', 'kothari international school', 'b-279', '+91 120 408 243', 'http://www.kotharischool.edu.in/', 4, 'noida', 'cbse', 28.572347, 77.363633, 'NO1761.png'),
('NO1762', 'kothari starz', 'b-279', '+91 80101 28128', 'http://www.kotharistarz.com/', 5, 'noida', '', 28.567449, 77.36673, 'NO1762.png'),
('NO1763', 'lotus valley international school', '2b, noida-greater noida expy', '+91 99109 62228', 'https://www.lotusvalley.com/', 4.4, 'noida', 'cbse', 28.538568, 77.345999, 'NO1763.png'),
('NO1783', 'fortune world school', 'block b, sector 105, noida expressway, behind india oil', '+91 120 256 899', 'http://www.fortuneworldschool.com/', 4.6, 'noida', 'cbse', 28.534578, 77.370973, 'NO1783.png'),
('NO1815', 'yadu public school', 'gautam budh nagar, sector 73', '+91 120 656 668', 'http://yadupublicschool.com/', 3.9, 'noida', 'cbse', 28.588184, 77.390636, 'NO1815.png'),
('NO1844', 'indraprastha global school', 'plot no: s1, sector 93 b, express highway', '+91 120 242 604', 'http://www.indraprasthaschool.com/webaura/igs/index.asp', 3.9, 'noida', 'cbse', 28.513076, 77.389548, 'NO1844.png'),
('NO1852', 'vishwa bharati public school', 'arun vihar, sector 28', '+91 120 245 514', 'http://vbpsnoida.com/', 4.3, 'noida', 'cbse', 28.572695, 77.333174, 'NO1852.png'),
('NO1889', 'amity international school', 'sector 44', '+91 120 439 900', 'http://www.amity.edu/ais/aiss/', 3.8, 'noida', 'cbse', 28.556352, 77.33084, 'NO1889.png'),
('NO1890', 'gyanshree school', 'plot no 3 & 4, noida expressway, sector 127', '+91 70421 93396', 'http://gyanshree.in/', 4.6, 'noida', 'cbse', 28.536521, 77.34983, 'NO1890.png'),
('NO1898', 'g.d. goenka global school, noida', 'a56, sector - 50 , noida , up', '+91 99993 52863', 'http://www.gdgoenkanoida.com/', 4.9, 'noida', 'cbse', 28.572338, 77.363644, 'NO1898.png'),
('NO1901', 'little scholar school noida', 'a-687a', '+91 120 435 442', 'http://www.littlescholarnoida.com/', 4.3, 'noida', 'cbse', 28.577198, 77.32466, 'NO1901.png'),
('NO1927', 'mayoor school', 'sector 126, expressway, next to amity university', '+91 120 461 830', 'http://www.mayoornoida.net/', 3.8, 'noida', 'cbse', 28.544113, 77.337721, 'NO1927.png'),
('NO1934', 'marigold public school', 'b-183, b&c, sector - 19', '+91 120 244 005', 'http://www.marigoldindia.com/', 3.5, 'noida', 'cbse', 28.579003, 77.324406, 'NO1934.png'),
('NO1937', 'merry angels public school noida', 'f-1 sector 15 noida', '+91 120 454 224', 'http://www.merryangels.org/', 3.1, 'noida', 'cbse', 28.579707, 77.313225, 'NO1937.png'),
('NO1971', 'kidzee school', 'rp1/rp2,sec-71,cblock', '+91 92666 61861', 'http://www.kidzeenoida.com/', 3.6, 'noida', '', 28.617148, 77.36989, 'NO1971.png'),
('NO1974', 'step by step school', 'plot - a 10, sector 132, taj expressway', '+91 120 385 730', 'http://www.sbs-school.org/', 3.9, 'noida', 'cbse', 28.511859, 77.378871, 'NO1974.png'),
('NO1979', 'rockwood school', 'near, b-67, sector 33', '+91 120 428 224', 'http://www.rockwoodschool.org/', 3.8, 'noida', 'cbse', 28.589011, 77.357228, 'NO1979.png'),
('NO1983', 'sanfort play school sec-70', 'bh 127, 201307', '+91 95405 88588', 'http://www.sanfortschools.com/', 4.4, 'noida', '', 28.599505, 77.387276, 'NO1983.png'),
('NO507', 'noida international public school', 'garhi chaukhandi, mp3 main road, sector-121', '+91 95998 10512', 'http://noidainternationalpublicschool.com/index.php?option=com_contact&view=contact&id=2&Itemid=86', 3.2, 'noida', 'cbse', 28.599114, 77.397221, 'NO507.png'),
('NO514', 'genesis global school', 'a - 12, sector - 132, expressway', '+91 97110 00626', 'http://www.genesisglobalschool.edu.in/', 4.2, 'noida', '', 28.522515, 77.384437, 'NO514.png'),
('NO524', 'delhi public school,gautam buddh nagar', 'b-1', '+91 99999 99484', 'http://www.dpsgbn.com/', 4.3, 'noida', 'cbse', 28.516002, 77.374654, 'NO524.png'),
('NO535', 'delhi public school', 'sector-30', '+91 120 450 910', 'http://www.dpsnoida.co.in/', 3.9, 'noida', 'cbse', 28.574891, 77.336245, 'NO535.png'),
('NO557', 'shiv nadar school', 'plot no -ss -1, expressway, sector 168', '+91 120 640 717', 'http://shivnadarschool.edu.in/', 4.1, 'noida', 'cbse', 28.495058, 77.411961, 'NO557.png'),
('NO597', 'delhi public school', 'barola bisrakh', '+91 120 450 910', 'http://www.dpsnoida.co.in/', 3.8, 'noida', 'cbse', 28.574853, 77.336009, 'NO597.png'),
('NO605', 'jss public school', 'no.a-104-a, sector 61, behind shopprix mall', '+91 96549 99764', 'http://www.jsspsn.edu.in/', 4.3, 'noida', 'cbse', 28.595718, 77.365991, 'NO605.png'),
('NO692', 'presidium school noida', 'c- 5/ 230 b 1st floor sector- 31 noida', '+91 78386 54291', 'http://www.presidiumnoida.com/', 4, 'noida', 'cbse', 28.579246, 77.344803, 'NO692.png'),
('NO714', 'ryan international school', 'd  46b, near golf course metro station, sector 39, gautam buddh nagar', '+91 120 257 447', 'http://www.ryaninternational.org/risnoida/', 3.9, 'noida', 'cbse', 28.576716, 77.361388, 'NO714.png'),
('NO738', 'manav rachna international school', 'd-196', '+91 120 460 235', 'http://mris.edu.in/noida-sector-51/', 4.4, 'noida', 'cbse', 28.580234, 77.376841, 'NO738.png'),
('NO749', 'cambridge school', 'near viniyak hospital, gautam budh nagar, sector-27', '+91 120 252 850', 'http://noida.cambridgeschool.edu.in/', 4.1, 'noida', '', 28.573123, 77.328771, 'NO749.png'),
('NO800', 'klay prep schools and daycare', 'gf, tower 8, unitech infospace, sector 135', '+91 76767 08888', 'http://www.klayschools.com/?utm_source=google-listing-UTM&utm_medium=Mybusiness', 3, 'noida', '', 28.618508, 77.371179, 'NO800.png'),
('NO805', 'shanti international pjh school', 'sector-168, taj expressway chhaproli khadar', '+91 88003 85377', 'http://www.sispjhs.com/', 3.9, 'noida', 'cbse', 28.491687, 77.412093, 'NO805.png'),
('NO810', 'raghav global school', 'ss 1 block-a, sector 122', '+91 85889 44468', 'http://rgsnoida.com/', 4.2, 'noida', 'cbse', 28.592652, 77.39012, 'NO810.png'),
('NO856', 'amar public school', 'ps-2b, arun vihar, sector 37', '+91 98998 74777', 'http://www.amarpublicschool.com/', 3.4, 'noida', 'cbse', 28.582929, 77.363524, 'NO856.png'),
('NO861', 'lotus valley international school', 'expressway', '+91 99109 62228', 'http://www.lotusvalley.com/', 4, 'noida', 'cbse', 28.538405, 77.345225, 'NO861.png'),
('NO877', 'sapphire international school', 'ss - 1, sector 70', '+91 97173 30066', 'http://www.sapphireschool.in/', 4.2, 'noida', 'cbse', 28.596392, 77.381092, 'NO877.png'),
('NO879', 'klay prep schools and daycare', 'b-15, ground floor, sana heights,, sector 132, opposite somerville school, noida-greater noida expressway', '+91 76767 08888', 'http://www.klayschools.com/?utm_source=google-listing-UTM&utm_medium=Mybusiness', 5, 'noida', '', 28.514098, 77.388119, 'NO879.png'),
('NO893', 'amity global school', 'amity global school, sector 44', '+91 120 439 127', 'http://www.amityglobalschool.com/noida', 4.3, 'noida', 'cbse', 28.440901, 77.06533, 'NO893.png'),
('NO914', 'city public school', 'e-3, sector - 61', '+91 120 258 631', 'http://cpsnoida.com/', 3.8, 'noida', 'cbse', 28.594357, 77.371409, 'NO914.png'),
('NO951', 'genesis global school', 'subarea, sector 126', '+91 97110 00498', 'http://www.genesisglobalschool.edu.in/admissions/annual-fee-structure/', 3.3, 'noida', '', 28.514659, 77.38099, 'NO951.png'),
('NO954', 'uttarakhand public school', 'e-1, sec 56', '+91 120 431 936', 'http://www.uttarakhandpublicschool.com/', 3.8, 'noida', 'cbse', 28.602403, 77.343539, 'NO954.png'),
('NO967', 'makoons play school noida', 'pk-a 1', '+91 98702 74875', 'http://www.makoons.com/', 5, 'noida', '', 28.620904, 77.379319, 'NO967.png'),
('NO987', 'jagran public school noida', 'block a, jagran public school, sector 47', '+91 120 404 383', 'http://www.jpsnoida.com/', 4.2, 'noida', 'cbse', 28.552085, 77.371878, 'NO987.png');

-- --------------------------------------------------------

--
-- Table structure for table `time`
--

CREATE TABLE `time` (
  `school_id` varchar(20) DEFAULT NULL,
  `season` varchar(30) DEFAULT NULL,
  `class` varchar(30) DEFAULT NULL,
  `start` varchar(10) DEFAULT NULL,
  `end` varchar(10) DEFAULT NULL
) ENGINE=InnoDB DEFAULT CHARSET=latin1;

--
-- Dumping data for table `time`
--

INSERT INTO `time` (`school_id`, `season`, `class`, `start`, `end`) VALUES
('GH1494', 'summer', 'playway', '8:00', '12:15'),
('GH1494', 'summer', 'primary', '8:00', '2:30'),
('GH1494', 'summer', 'secondary', '8:00', '2:30'),
('GH1494', 'summer', 'higher ', '8:00', '2:30'),
('GH1494', 'winter', 'playway', '8:00', '12:15'),
('GH1494', 'winter', 'primary', '8:00', '2:10'),
('GH1494', 'winter', 'secondary', '8:00', '2:10'),
('GH1494', 'winter', 'higher ', '8:00', '2:10'),
('GH943', 'summer', 'playway', '8:30', '12:30'),
('GH943', 'summer', 'primary', '8:30', '2:30'),
('GH943', 'summer', 'secondary', '8:30', '2:30'),
('GH943', 'summer', 'higher ', '8:30', '2:30'),
('GH943', 'winter', 'playway', '8:50', '1:00'),
('GH943', 'winter', 'primary', '8:50', '3:00'),
('GH943', 'winter', 'secondary', '8:50', '3:00'),
('GH943', 'winter', 'higher ', '8:50', '3:00'),
('GH1756', 'summer', 'playway', '8:30', '12:30'),
('GH1756', 'summer', 'primary', '7:30', '1:30'),
('GH1756', 'summer', 'secondary', '7:30', '1:30'),
('GH1756', 'summer', 'higher ', '7:30', '1:30'),
('GH1756', 'winter', 'playway', '9:00', '12:30'),
('GH1756', 'winter', 'primary', '8:00', '2:00'),
('GH1756', 'winter', 'secondary', '8:00', '2:00'),
('GH1756', 'winter', 'higher ', '8:00', '2:00'),
('GH1343', 'summer', 'playway', '8:00', '12:30'),
('GH1343', 'summer', 'primary', '8:00', '2:00'),
('GH1343', 'summer', 'secondary', '8:00', '2:00'),
('GH1343', 'summer', 'higher ', '8:00', '2:00'),
('GH1343', 'winter', 'playway', '8:30', '1:00'),
('GH1343', 'winter', 'primary', '8:30', '2:30'),
('GH1343', 'winter', 'secondary', '8:30', '2:30'),
('GH1343', 'winter', 'higher ', '8:30', '2:30'),
('GH1932', 'summer', 'playway', '8:30', '12:30'),
('GH1932', 'summer', 'primary', '8:30', '2:30'),
('GH1932', 'summer', 'secondary', '8:30', '2:30'),
('GH1932', 'summer', 'higher ', '8:30', '2:30'),
('GH1932', 'winter', 'playway', '9:00', '1:00'),
('GH1932', 'winter', 'primary', '9:00', '3:00'),
('GH1932', 'winter', 'secondary', '9:00', '3:00'),
('GH1932', 'winter', 'higher ', '9:00', '3:00'),
('GH1513', 'summer', 'playway', '8:30', '12:30'),
('GH1513', 'summer', 'primary', '8:30', '2:30'),
('GH1513', 'summer', 'secondary', '8:30', '2:30'),
('GH1513', 'summer', 'higher ', '8:30', '2:30'),
('GH1513', 'winter', 'playway', '9:00', '1:00'),
('GH1513', 'winter', 'primary', '9:00', '3:00'),
('GH1513', 'winter', 'secondary', '9:00', '3:00'),
('GH1513', 'winter', 'higher ', '9:00', '3:00'),
('GH1918', 'summer', 'playway', '8:30', '12:30'),
('GH1918', 'summer', 'primary', '8:30', '1:30'),
('GH1918', 'summer', 'secondary', '8:30', '1:30'),
('GH1918', 'summer', 'higher ', '8:30', '1:30'),
('GH1918', 'winter', 'playway', '9:00', '1:00'),
('GH1918', 'winter', 'primary', '9:00', '2:00'),
('GH1918', 'winter', 'secondary', '9:00', '2:00'),
('GH1918', 'winter', 'higher ', '9:00', '2:00'),
('GH933', 'summer', 'playway', '7:20', '12:30'),
('GH933', 'summer', 'primary', '7:20', '1:30'),
('GH933', 'summer', 'secondary', '7:20', '1:30'),
('GH933', 'summer', 'higher ', '7:20', '1:30'),
('GH933', 'winter', 'playway', '8:30', '1:30'),
('GH933', 'winter', 'primary', '9:00', '2:00'),
('GH933', 'winter', 'secondary', '9:00', '2:00'),
('GH933', 'winter', 'higher ', '9:00', '2:00'),
('GH1776', 'summer', 'playway', '8:30', '12:30'),
('GH1776', 'summer', 'primary', '8:30', '1:30'),
('GH1776', 'summer', 'secondary', '8:30', '1:30'),
('GH1776', 'summer', 'higher ', '8:30', '1:30'),
('GH1776', 'winter', 'playway', '9:00', '1:00'),
('GH1776', 'winter', 'primary', '9:00', '2:00'),
('GH1776', 'winter', 'secondary', '9:00', '2:00'),
('GH1776', 'winter', 'higher ', '9:00', '2:00'),
('GH1164', 'summer', 'playway', '8:00', '12:15'),
('GH1164', 'summer', 'primary', '8:00', '2:30'),
('GH1164', 'summer', 'secondary', '8:00', '2:30'),
('GH1164', 'summer', 'higher ', '8:00', '2:30'),
('GH1164', 'winter', 'playway', '8:00', '12:15'),
('GH1164', 'winter', 'primary', '8:00', '2:10'),
('GH1164', 'winter', 'secondary', '8:00', '2:10'),
('GH1164', 'winter', 'higher ', '8:00', '2:10'),
('GH1239', 'summer', 'playway', '8:00', '12:15'),
('GH1239', 'summer', 'primary', '8:00', '1:00'),
('GH1239', 'summer', 'secondary', '8:00', '1:00'),
('GH1239', 'summer', 'higher ', '8:00', '1:00'),
('GH1239', 'winter', 'playway', '8:30', '1:30'),
('GH1239', 'winter', 'primary', '8:30', '2:30'),
('GH1239', 'winter', 'secondary', '8:30', '2:30'),
('GH1239', 'winter', 'higher ', '8:30', '2:30'),
('GH1473', 'summer', 'playway', '8:00', '12:15'),
('GH1473', 'summer', 'primary', '8:00', '1:00'),
('GH1473', 'summer', 'secondary', '8:00', '1:00'),
('GH1473', 'summer', 'higher ', '8:00', '1:00'),
('GH1473', 'winter', 'playway', '8:30', '1:30'),
('GH1473', 'winter', 'primary', '8:30', '2:30'),
('GH1473', 'winter', 'secondary', '8:30', '2:30'),
('GH1473', 'winter', 'higher ', '8:30', '2:30'),
('GH1157', 'summer', 'playway', '8:00', '12:00'),
('GH1157', 'winter', 'playway', '8:30', '12:30'),
('GH1216', 'summer', 'playway', '9:00', '11:30'),
('GH1216', 'summer', 'primary', '8:30', '12:45'),
('GH1216', 'summer', 'secondary', '7:55', '1:45'),
('GH1216', 'summer', 'higher ', '7:55', '1:45'),
('GH1216', 'winter', 'playway', '9:45', '12:30'),
('GH1216', 'winter', 'primary', '9:45', '1:30'),
('GH1216', 'winter', 'secondary', '8:45', '2:30'),
('GH1216', 'winter', 'higher ', '8:45', '2:30'),
('DE724', 'summer', 'playway', '8:00', '12:15'),
('DE724', 'summer', 'primary', '8:00', '2:30'),
('DE724', 'summer', 'secondary', '8:00', '2:30'),
('DE724', 'summer', 'higher', '8:00', '2:30'),
('DE724', 'winter', 'playway', '8:00', '12:15'),
('DE724', 'winter', 'primary', '8:00', '3:00'),
('DE724', 'winter', 'secondary', '8:00', '3:00'),
('DE724', 'winter', 'higher', '8:00', '3:00'),
('DE945', 'summer', 'playway', '9:00', '1:15'),
('DE945', 'summer', 'primary', '9:00', '4:00'),
('DE945', 'summer', 'secondary', '9:00', '4:00'),
('DE945', 'summer', 'higher', '9:00', '4:00'),
('DE945', 'winter', 'playway', '9:00', '1:00'),
('DE945', 'winter', 'primary', '9:00', '2:30'),
('DE945', 'winter', 'secondary', '9:00', '2:30'),
('DE945', 'winter', 'higher', '9:00', '2:30'),
('DE524', 'summer', 'playway', '7:30', '11:30'),
('DE524', 'summer', 'primary', '7:30', '1:35'),
('DE524', 'summer', 'secondary', '7:30', '1:35'),
('DE524', 'summer', 'higher', '7:30', '1:35'),
('DE524', 'winter', 'playway', '7:45', '12:00'),
('DE524', 'winter', 'primary', '7:45', '2:00'),
('DE524', 'winter', 'secondary', '7:45', '2:00'),
('DE524', 'winter', 'higher', '7:45', '2:00'),
('DE1792', 'summer', 'playway', '8:30', '12:30'),
('DE1792', 'summer', 'primary', '8:30', '2:30'),
('DE1792', 'summer', 'secondary', '8:30', '2:30'),
('DE1792', 'summer', 'higher', '8:30', '2:30'),
('DE1792', 'winter', 'playway', '8:50', '1:00'),
('DE1792', 'winter', 'primary', '8:50', '3:00'),
('DE1792', 'winter', 'secondary', '8:50', '3:00'),
('DE1792', 'winter', 'higher', '8:50', '3:00'),
('DE1793', 'summer', 'playway', '9:30', '2:00'),
('DE1793', 'summer', 'primary', '9:30', '3:30'),
('DE1793', 'summer', 'secondary', '9:30', '3:30'),
('DE1793', 'summer', 'higher', '9:30', '3:30'),
('DE1793', 'winter', 'playway', '10:00', '2:30'),
('DE1793', 'winter', 'primary', '10:00', '4:00'),
('DE1793', 'winter', 'secondary', '10:00', '4:00'),
('DE1793', 'winter', 'higher', '10:00', '4:00'),
('DE1330', 'summer', 'playway', '8:30', '12:30'),
('DE1330', 'summer', 'primary', '7:30', '2:00'),
('DE1330', 'summer', 'secondary', '7:30', '2:00'),
('DE1330', 'summer', 'higher', '7:30', '2:00'),
('DE1330', 'winter', 'playway', '8:30', '12:30'),
('DE1330', 'winter', 'primary', '7:30', '2:00'),
('DE1330', 'winter', 'secondary', '7:30', '2:00'),
('DE1330', 'winter', 'higher', '7:30', '2:00'),
('DE1845', 'summer', 'playway', '9:00', '1:00'),
('DE1845', 'summer', 'primary', '9:30', '4:00'),
('DE1845', 'summer', 'secondary', '9:30', '4:00'),
('DE1845', 'summer', 'higher', '9:30', '4:00'),
('DE1845', 'winter', 'playway', '10:00', '2:30'),
('DE1845', 'winter', 'primary', '10:00', '4:00'),
('DE1845', 'winter', 'secondary', '10:00', '4:00'),
('DE1845', 'winter', 'higher', '10:00', '4:00'),
('DE1621', 'summer', 'playway', '8:50', '1:00'),
('DE1621', 'summer', 'primary', '8:50', '4:30'),
('DE1621', 'summer', 'secondary', '8:50', '4:30'),
('DE1621', 'summer', 'higher', '8:50', '4:30'),
('DE1621', 'winter', 'playway', '8:50', '1:00'),
('DE1621', 'winter', 'primary', '8:50', '4:00'),
('DE1621', 'winter', 'secondary', '8:50', '4:00'),
('DE1621', 'winter', 'higher', '8:50', '4:00'),
('DE1067', 'summer', 'playway', '9:00', '12:30'),
('DE1067', 'summer', 'primary', '9:30', '3:00'),
('DE1067', 'summer', 'secondary', '9:30', '3:00'),
('DE1067', 'summer', 'higher', '9:30', '3:00'),
('DE1067', 'winter', 'playway', '9:45', '12:30'),
('DE1067', 'winter', 'primary', '10:00', '4:30'),
('DE1067', 'winter', 'secondary', '10:00', '4:30'),
('DE1067', 'winter', 'higher', '10:00', '4:30'),
('DE1109', 'summer', 'playway', '8:00', '12:30'),
('DE1109', 'summer', 'primary', '8:50', '4:00'),
('DE1109', 'summer', 'secondary', '8:50', '4:00'),
('DE1109', 'summer', 'higher', '8:50', '4:00'),
('DE1109', 'winter', 'playway', '8:30', '12:30'),
('DE1109', 'winter', 'primary', '9:00', '4:30'),
('DE1109', 'winter', 'secondary', '9:00', '4:30'),
('DE1109', 'winter', 'higher', '9:00', '4:30'),
('DE792', 'summer', 'playway', '7:30', '11:30'),
('DE792', 'summer', 'primary', '8:50', '2:00'),
('DE792', 'summer', 'secondary', '8:50', '2:00'),
('DE792', 'summer', 'higher', '8:50', '2:00'),
('DE792', 'winter', 'playway', '8:00', '12:30'),
('DE792', 'winter', 'primary', '9:00', '3:30'),
('DE792', 'winter', 'secondary', '9:00', '3:30'),
('DE792', 'winter', 'higher', '9:00', '3:30'),
('DE1052', 'summer', 'playway', '7:30', '12:30'),
('DE1052', 'summer', 'primary', '7:30', '2:00'),
('DE1052', 'summer', 'secondary', '7:30', '2:00'),
('DE1052', 'summer', 'higher', '7:30', '2:00'),
('DE1052', 'winter', 'playway', '7:30', '12:30'),
('DE1052', 'winter', 'primary', '7:30', '1:30'),
('DE1052', 'winter', 'secondary', '7:30', '1:30'),
('DE1052', 'winter', 'higher', '9:00', '1:30'),
('DE858', 'summer', 'playway', '8:30', '12:30'),
('DE858', 'summer', 'primary', '10:00', '3:00'),
('DE858', 'summer', 'secondary', '10:00', '3:00'),
('DE858', 'summer', 'higher', '10:00', '3:00'),
('DE858', 'winter', 'playway', '10:00', '1:00'),
('DE858', 'winter', 'primary', '10:30', '4:30'),
('DE858', 'winter', 'secondary', '10:30', '4:30'),
('DE858', 'winter', 'higher', '10:30', '4:30'),
('DE1530', 'summer', 'playway', '9:30', '1:00'),
('DE1530', 'summer', 'primary', '10:00', '4:00'),
('DE1530', 'summer', 'secondary', '10:00', '4:00'),
('DE1530', 'summer', 'higher', '10:00', '4:00'),
('DE1530', 'winter', 'playway', '9:30', '1:35'),
('DE1530', 'winter', 'primary', '10:30', '5:00'),
('DE1530', 'winter', 'secondary', '10:30', '5:00'),
('DE1530', 'winter', 'higher', '10:30', '5:00'),
('DE1200', 'summer', 'playway', '7:30', '12:30'),
('DE1200', 'summer', 'primary', '8:00', '3:00'),
('DE1200', 'summer', 'secondary', '8:00', '3:00'),
('DE1200', 'summer', 'higher', '8:00', '3:00'),
('DE1200', 'winter', 'playway', '8:00', '1:00'),
('DE1200', 'winter', 'primary', '9:00', '4:00'),
('DE1200', 'winter', 'secondary', '9:00', '4:00'),
('DE1200', 'winter', 'higher', '9:00', '4:00'),
('NO1088', 'summer', 'playway', '8:00', '12:30'),
('NO1088', 'summer', 'primary', '8:00', '12:30'),
('NO1088', 'summer', 'secondary', '8:00', '12:30'),
('NO1088', 'summer', 'higher', '8:00', '12:30'),
('NO1088', 'winter', 'playway', '8:00', '12:30'),
('NO1088', 'winter', 'primary', '8:00', '12:30'),
('NO1088', 'winter', 'secondary', '8:00', '12:30'),
('NO1088', 'winter', 'higher', '8:00', '12:30'),
('NO1280', 'summer', 'playway', '7:45', '12:00'),
('NO1280', 'summer', 'primary', '7:45', '2:00'),
('NO1280', 'summer', 'secondary', '7:45', '2:00'),
('NO1280', 'summer', 'higher', '7:45', '2:00'),
('NO1280', 'winter', 'playway', '7:30', '12:30'),
('NO1280', 'winter', 'primary', '8:00', '3:00'),
('NO1280', 'winter', 'secondary', '8:00', '3:00'),
('NO1280', 'winter', 'higher', '8:00', '3:00'),
('NO1852', 'summer', 'playway', '9:00', '12:30'),
('NO1852', 'summer', 'primary', '7:50', '14:05'),
('NO1852', 'summer', 'secondary', '7:50', '14:05'),
('NO1852', 'summer', 'higher', '7:50', '14:05'),
('NO1852', 'winter', 'playway', '9:00', '12:30'),
('NO1852', 'winter', 'primary', '7:50', '14:05'),
('NO1852', 'winter', 'secondary', '7:50', '14:05'),
('NO1852', 'winter', 'higher', '7:50', '14:05'),
('NO1927', 'summer', 'playway', '7:30', '12:00'),
('NO1927', 'summer', 'primary', '7:30', '4:00'),
('NO1927', 'summer', 'secondary', '7:30', '4:00'),
('NO1927', 'summer', 'higher', '7:30', '4:00'),
('NO1927', 'winter', 'playway', '7:30', '12:00'),
('NO1927', 'winter', 'primary', '7:30', '4:00'),
('NO1927', 'winter', 'secondary', '7:30', '4:00'),
('NO1927', 'winter', 'higher', '7:30', '4:00'),
('NO1576', 'summer', 'playway', '7:40', '12:30'),
('NO1576', 'summer', 'primary', '7:40', '2:00'),
('NO1576', 'summer', 'secondary', '7:40', '2:00'),
('NO1576', 'summer', 'higher', '7:40', '2:00'),
('NO1576', 'winter', 'playway', '7:40', '12:30'),
('NO1576', 'winter', 'primary', '7:40', '2:00'),
('NO1576', 'winter', 'secondary', '7:40', '2:00'),
('NO1576', 'winter', 'higher', '7:40', '2:00'),
('NO1407', 'summer', 'playway', '8:00', '12:30'),
('NO1407', 'summer', 'primary', '8:00', '3:00'),
('NO1407', 'summer', 'secondary', '8:00', '3:00'),
('NO1407', 'summer', 'higher', '8:00', '3:00'),
('NO1407', 'winter', 'playway', '8:00', '12:30'),
('NO1407', 'winter', 'primary', '8:00', '3:00'),
('NO1407', 'winter', 'secondary', '8:00', '3:00'),
('NO1407', 'winter', 'higher', '8:00', '3:00'),
('NO749', 'summer', 'playway', '', ''),
('NO749', 'summer', 'primary', '', ''),
('NO749', 'summer', 'secondary', '', ''),
('NO749', 'summer', 'higher', '', ''),
('NO749', 'winter', 'playway', '', ''),
('NO749', 'winter', 'primary', '', ''),
('NO749', 'winter', 'secondary', '', ''),
('NO749', 'winter', 'higher', '', ''),
('NO861', 'summer', 'playway', '', ''),
('NO861', 'summer', 'primary', '', ''),
('NO861', 'summer', 'secondary', '', ''),
('NO861', 'summer', 'higher', '', ''),
('NO861', 'winter', 'playway', '', ''),
('NO861', 'winter', 'primary', '', ''),
('NO861', 'winter', 'secondary', '', ''),
('NO861', 'winter', 'higher', '', ''),
('NO1470', 'summer', 'playway', '', ''),
('NO1470', 'summer', 'primary', '', ''),
('NO1470', 'summer', 'secondary', '', ''),
('NO1470', 'summer', 'higher', '', ''),
('NO1470', 'winter', 'playway', '', ''),
('NO1470', 'winter', 'primary', '', ''),
('NO1470', 'winter', 'secondary', '', ''),
('NO1470', 'winter', 'higher', '', ''),
('NO1201', 'summer', 'playway', '7:30', '12:30'),
('NO1201', 'summer', 'primary', '7:30', '1:30'),
('NO1201', 'summer', 'secondary', '7:30', '1:30'),
('NO1201', 'summer', 'higher', '7:30', '1:30'),
('NO1201', 'winter', 'playway', '7:30', '12:30'),
('NO1201', 'winter', 'primary', '7:30', '1:30'),
('NO1201', 'winter', 'secondary', '7:30', '1:30'),
('NO1201', 'winter', 'higher', '7:30', '1:30'),
('NO535', 'summer', 'playway', '9:15', '1:10'),
('NO535', 'summer', 'primary', '8:00', '2:30'),
('NO535', 'summer', 'secondary', '8:00', '2:30'),
('NO535', 'summer', 'higher', '8:00', '2:30'),
('NO535', 'winter', 'playway', '9:30', '12:45'),
('NO535', 'winter', 'primary', '8:15', '2:15'),
('NO535', 'winter', 'secondary', '8:15', '2:15'),
('NO535', 'winter', 'higher', '8:15', '2:15'),
('NO524', 'summer', 'playway', '8:00', '12:30'),
('NO524', 'summer', 'primary', '8:00', '2:00'),
('NO524', 'summer', 'secondary', '8:00', '2:00'),
('NO524', 'summer', 'higher', '8:00', '2:00'),
('NO524', 'winter', 'playway', '8:00', '12:30'),
('NO524', 'winter', 'primary', '8:00', '2:00'),
('NO524', 'winter', 'secondary', '8:00', '2:00'),
('NO524', 'winter', 'higher', '8:00', '2:00'),
('NO1231', 'summer', 'playway', '', ''),
('NO1231', 'summer', 'primary', '', ''),
('NO1231', 'summer', 'secondary', '', ''),
('NO1231', 'winter', 'playway', '', ''),
('NO1231', 'winter', 'primary', '', ''),
('NO1231', 'winter', 'secondary', '', ''),
('NO1548', 'summer', 'playway', '', ''),
('NO1548', 'summer', 'primary', '', ''),
('NO1548', 'summer', 'secondary', '', ''),
('NO1548', 'winter', 'playway', '', ''),
('NO1548', 'winter', 'primary', '', ''),
('NO1548', 'winter', 'secondary', '', ''),
('NO1761', 'summer', 'playway', '8:00', '12:00'),
('NO1761', 'summer', 'primary', '8:00', '2:30'),
('NO1761', 'summer', 'secondary', '8:00', '2:30'),
('NO1761', 'summer', 'higher', '8:00', '2:30'),
('NO1761', 'winter', 'playway', '8:00', '12:00'),
('NO1761', 'winter', 'primary', '8:00', '2:30'),
('NO1761', 'winter', 'secondary', '8:00', '2:30'),
('NO1761', 'winter', 'higher', '8:00', '2:30'),
('NO1898', 'summer', 'playway', '', ''),
('NO1898', 'summer', 'primary', '', ''),
('NO1898', 'winter', 'playway', '', ''),
('NO1898', 'winter', 'primary', '', ''),
('NO605', 'summer', 'playway', '9:00', '12:30'),
('NO605', 'summer', 'primary', '8:00', '2:00'),
('NO605', 'summer', 'secondary', '8:00', '2:00'),
('NO605', 'summer', 'higher', '8:00', '2:00'),
('NO605', 'winter', 'playway', '9:00', '12:30'),
('NO605', 'winter', 'primary', '8:00', '2:00'),
('NO605', 'winter', 'secondary', '8:00', '2:00'),
('NO605', 'winter', 'higher', '8:00', '2:00'),
('NO1718', 'summer', 'playway', '', ''),
('NO1718', 'summer', 'primary', '', ''),
('NO1718', 'summer', 'secondary', '', ''),
('NO1718', 'summer', 'higher', '', ''),
('NO1718', 'winter', 'playway', '', ''),
('NO1718', 'winter', 'primary', '', ''),
('NO1718', 'winter', 'secondary', '', ''),
('NO1718', 'winter', 'higher', '', ''),
('NO951', 'summer', 'playway', '9:00', '12:30'),
('NO951', 'summer', 'primary', '9:00', '2:30'),
('NO951', 'summer', 'secondary', '9:00', '2:30'),
('NO951', 'summer', 'higher', '9:00', '2:30'),
('NO951', 'winter', 'playway', '9:00', '12:30'),
('NO951', 'winter', 'primary', '9:00', '2:30'),
('NO951', 'winter', 'secondary', '9:00', '2:30'),
('NO951', 'winter', 'higher', '9:00', '2:30'),
('NO1763', 'summer', 'playway', '9:15', '12:15'),
('NO1763', 'summer', 'primary', '8:00', '12:15'),
('NO1763', 'summer', 'secondary', '8:00', '12:15'),
('NO1763', 'summer', 'higher', '8:00', '12:15'),
('NO1763', 'winter', 'playway', '9:15', '12:15'),
('NO1763', 'winter', 'primary', '8:00', '12:15'),
('NO1763', 'winter', 'secondary', '8:00', '12:15'),
('NO1763', 'winter', 'higher', '8:00', '12:15'),
('NO914', 'summer', 'playway', '', ''),
('NO914', 'summer', 'primary', '', ''),
('NO914', 'summer', 'secondary', '', ''),
('NO914', 'summer', 'higher', '', ''),
('NO914', 'winter', 'playway', '', ''),
('NO914', 'winter', 'primary', '', ''),
('NO914', 'winter', 'secondary', '', ''),
('NO914', 'winter', 'higher', '', ''),
('NO1664', 'summer', 'playway', '', ''),
('NO1664', 'summer', 'primary', '', ''),
('NO1664', 'summer', 'secondary', '', ''),
('NO1664', 'summer', 'higher', '', ''),
('NO1664', 'winter', 'playway', '', ''),
('NO1664', 'winter', 'primary', '', ''),
('NO1664', 'winter', 'secondary', '', ''),
('NO1664', 'winter', 'higher', '', ''),
('NO1679', 'summer', 'playway', '8:00', '12:30'),
('NO1679', 'summer', 'primary', '8:00', '2:00'),
('NO1679', 'summer', 'secondary', '8:00', '2:00'),
('NO1679', 'summer', 'higher', '8:00', '2:00'),
('NO1679', 'winter', 'playway', '8:00', '12:30'),
('NO1679', 'winter', 'primary', '8:00', '2:00'),
('NO1679', 'winter', 'secondary', '8:00', '2:00'),
('NO1679', 'winter', 'higher', '8:00', '2:00'),
('NO1783', 'summer', 'playway', '8:30', '12:00'),
('NO1783', 'summer', 'primary', '8:30', '3:00'),
('NO1783', 'summer', 'secondary', '8:30', '3:00'),
('NO1783', 'summer', 'higher', '8:30', '3:00'),
('NO1783', 'winter', 'playway', '9:00', '12:30'),
('NO1783', 'winter', 'primary', '9:00', '3:00'),
('NO1783', 'winter', 'secondary', '9:00', '3:00'),
('NO1783', 'winter', 'higher', '9:00', '3:00'),
('NO987', 'summer', 'playway', '', ''),
('NO987', 'summer', 'primary', '', ''),
('NO987', 'summer', 'secondary', '', ''),
('NO987', 'summer', 'higher', '', ''),
('NO987', 'winter', 'playway', '', ''),
('NO987', 'winter', 'primary', '', ''),
('NO987', 'winter', 'secondary', '', ''),
('NO987', 'winter', 'higher', '', ''),
('NO1547', 'summer', 'playway', '9:00', '12:30'),
('NO1547', 'summer', 'primary', '8:00', '2:00'),
('NO1547', 'summer', 'secondary', '8:00', '2:00'),
('NO1547', 'summer', 'higher', '8:00', '2:00'),
('NO1547', 'winter', 'playway', '9:00', '12:30'),
('NO1547', 'winter', 'primary', '8:00', '2:00'),
('NO1547', 'winter', 'secondary', '8:00', '2:00'),
('NO1547', 'winter', 'higher', '8:00', '2:00'),
('NO1844', 'summer', 'playway', '8:00', '12:15'),
('NO1844', 'summer', 'primary', '8:00', '2:30'),
('NO1844', 'summer', 'secondary', '8:00', '2:30'),
('NO1844', 'summer', 'higher', '8:00', '2:30'),
('NO1844', 'winter', 'playway', '8:00', '12:15'),
('NO1844', 'winter', 'primary', '8:00', '3:00'),
('NO1844', 'winter', 'secondary', '8:00', '3:00'),
('NO1844', 'winter', 'higher', '8:00', '3:00'),
('NO893', 'summer', 'playway', '', ''),
('NO893', 'summer', 'primary', '', ''),
('NO893', 'summer', 'secondary', '', ''),
('NO893', 'summer', 'higher', '', ''),
('NO893', 'winter', 'playway', '', ''),
('NO893', 'winter', 'primary', '', ''),
('NO893', 'winter', 'secondary', '', ''),
('NO893', 'winter', 'higher', '', ''),
('NO810', 'summer', 'playway', '', ''),
('NO810', 'summer', 'primary', '', ''),
('NO810', 'summer', 'secondary', '', ''),
('NO810', 'summer', 'higher', '', ''),
('NO810', 'winter', 'playway', '', ''),
('NO810', 'winter', 'primary', '', ''),
('NO810', 'winter', 'secondary', '', ''),
('NO810', 'winter', 'higher', '', ''),
('NO1815', 'summer', 'playway', '9:00', '12:30'),
('NO1815', 'summer', 'primary', '8:00', '2:00'),
('NO1815', 'summer', 'secondary', '8:00', '2:00'),
('NO1815', 'summer', 'higher', '8:00', '2:00'),
('NO1815', 'winter', 'playway', '9:00', '12:30'),
('NO1815', 'winter', 'primary', '8:00', '2:00'),
('NO1815', 'winter', 'secondary', '8:00', '2:00'),
('NO1815', 'winter', 'higher', '8:00', '2:00'),
('DE584', 'summer', 'playway', '', ''),
('DE584', 'summer', 'primary', '', ''),
('DE584', 'summer', 'secondary', '', ''),
('DE584', 'summer', 'higher', '', ''),
('DE584', 'winter', 'playway', '', ''),
('DE584', 'winter', 'primary', '', ''),
('DE584', 'winter', 'secondary', '', ''),
('DE584', 'winter', 'higher', '', ''),
('DE1435', 'summer', 'playway', '8:30', '12:30'),
('DE1435', 'summer', 'primary', '10:00', '3:00'),
('DE1435', 'summer', 'secondary', '10:00', '3:00'),
('DE1435', 'summer', 'higher', '10:00', '3:00'),
('DE1435', 'winter', 'playway', '10:00', '1:00'),
('DE1435', 'winter', 'primary', '10:30', '4:30'),
('DE1435', 'winter', 'secondary', '10:30', '4:30'),
('DE1435', 'winter', 'higher', '10:30', '4:30'),
('DE1695', 'summer', 'playway', '7:30', '12:30'),
('DE1695', 'summer', 'primary', '7:30', '1:30'),
('DE1695', 'summer', 'secondary', '7:30', '1:30'),
('DE1695', 'summer', 'higher', '7:30', '1:30'),
('DE1695', 'winter', 'playway', '7:30', '12:30'),
('DE1695', 'winter', 'primary', '7:30', '1:30'),
('DE1695', 'winter', 'secondary', '7:30', '1:30'),
('DE1695', 'winter', 'higher', '7:30', '1:30'),
('NO1160', 'summer', 'playway', '9:00', '12:00'),
('NO1160', 'summer', 'primary', '9:00', '1:30'),
('NO1160', 'summer', 'secondary', '9:00', '1:30'),
('NO1160', 'summer', 'higher', '9:00', '1:30'),
('NO1160', 'winter', 'playway', '9:00', '12:00'),
('NO1160', 'winter', 'primary', '9:00', '1:30'),
('NO1160', 'winter', 'secondary', '9:00', '1:30'),
('NO1160', 'winter', 'higher', '9:00', '1:30'),
('NO1577', 'summer', 'playway', '9:15', '12:15'),
('NO1577', 'summer', 'primary', '8:00', '2:10'),
('NO1577', 'summer', 'secondary', '', ''),
('NO1577', 'summer', 'higher', '', ''),
('NO1577', 'winter', 'playway', '9:45', '12:45'),
('NO1577', 'winter', 'primary', '8:20', '2:30'),
('NO1577', 'winter', 'secondary', '', ''),
('NO1577', 'winter', 'higher', '', ''),
('NO954', 'summer', 'playway', '9:00', '1:00'),
('NO954', 'summer', 'primary', '9:30', '4:00'),
('NO954', 'summer', 'secondary', '9:30', '4:00'),
('NO954', 'summer', 'higher', '9:30', '4:00'),
('NO954', 'winter', 'playway', '10:00', '2:30'),
('NO954', 'winter', 'primary', '10:00', '4:00'),
('NO954', 'winter', 'secondary', '10:00', '4:00'),
('NO1762', 'summer', 'playway', '', ''),
('NO1762', 'winter', 'playway', '', ''),
('NO805', 'summer', 'playway', '8:00', '2:00'),
('NO805', 'summer', 'primary', '8:00', '2:00'),
('NO805', 'summer', 'secondary', '8:00', '2:00'),
('NO805', 'summer', 'higher', '8:00', '2:00'),
('NO805', 'winter', 'playway', '8:00', '2:00'),
('NO805', 'winter', 'primary', '8:00', '2:00'),
('NO805', 'winter', 'secondary', '8:00', '2:00'),
('NO1363', 'summer', 'playway', '9:30', '1:30'),
('NO1363', 'summer', 'primary', '7:40', '1:40'),
('NO1363', 'summer', 'secondary', '7:40', '1:40'),
('NO1363', 'summer', 'higher', '7:40', '1:40'),
('NO1363', 'winter', 'playway', '9:30', '1:50'),
('NO1363', 'winter', 'primary', '8:00', '2:00'),
('NO1363', 'winter', 'secondary', '8:00', '2:00'),
('NO1363', 'winter', 'higher', '8:00', '2:00'),
('GH1657', 'summer', 'playway', '08:15', '12:00'),
('GH1657', 'summer', 'primary', '08:15', '02:15'),
('GH1657', 'summer', 'secondary', '08:15', '02:15'),
('GH1657', 'summer', 'higher', '08:15', '02:15'),
('GH1657', 'winter', 'playway', '08:45', '12:15'),
('GH1657', 'winter', 'primary', '08:45', '03:00'),
('GH1657', 'winter', 'secondary', '08:45', '03:00'),
('GH1657', 'winter', 'higher', '08:45', '03:00'),
('GH637', 'summer', 'playway', '07:30', '11:30'),
('GH637', 'summer', 'primary', '07:30', '01:35'),
('GH637', 'summer', 'secondary', '07:30', '01:35'),
('GH637', 'summer', 'higher', '07:30', '01:35'),
('GH637', 'winter', 'playway', '08:00:00', '12:00'),
('GH637', 'winter', 'primary', '08:00:00', '02:00'),
('GH637', 'winter', 'secondary', '08:00:00', '02:00'),
('GH637', 'winter', 'higher', '08:00:00', '02:00'),
('GH1483', 'summer', 'playway', '08:30', '12:30'),
('GH1483', 'summer', 'primary', '08:30', '02:30'),
('GH1483', 'summer', 'secondary', '08:30', '02:30'),
('GH1483', 'summer', 'higher', '08:30', '02:30'),
('GH1483', 'winter', 'playway', '08:50', '01:00'),
('GH1483', 'winter', 'primary', '08:50', '03:00'),
('GH1483', 'winter', 'secondary', '08:50', '03:00'),
('GH1483', 'winter', 'higher', '08:50', '03:00'),
('GH874', 'summer', 'playway', '09:30', '02:00'),
('GH874', 'summer', 'primary', '09:30', '03:30'),
('GH874', 'summer', 'secondary', '09:30', '03:30'),
('GH874', 'summer', 'higher', '09:30', '03:30'),
('GH874', 'winter', 'playway', '10:00', '02:30'),
('GH874', 'winter', 'primary', '10:00', '04:00'),
('GH874', 'winter', 'secondary', '10:00', '04:00'),
('GH874', 'winter', 'higher', '10:00', '04:00'),
('GH965', 'summer', 'playway', '09:00', '12:30'),
('GH965', 'summer', 'primary', '07:30', '02:00'),
('GH965', 'summer', 'secondary', '07:30', '02:00'),
('GH965', 'summer', 'higher', '07:30', '02:00'),
('GH965', 'winter', 'playway', '09:00', '12:30'),
('GH965', 'winter', 'primary', '07:45', '02:10'),
('GH965', 'winter', 'secondary', '07:45', '02:10'),
('GH965', 'winter', 'higher', '07:45', '02:10'),
('GH1302', 'summer', 'playway', '09:00', '01:00'),
('GH1302', 'summer', 'primary', '09:30', '04:00'),
('GH1302', 'summer', 'secondary', '09:30', '04:00'),
('GH1302', 'summer', 'higher', '09:30', '04:00'),
('GH1302', 'winter', 'playway', '10:00', '02:30'),
('GH1302', 'winter', 'primary', '10:00', '04:00'),
('GH1302', 'winter', 'secondary', '10:00', '04:00'),
('GH1302', 'winter', 'higher', '10:00', '04:00'),
('GH1606', 'summer', 'playway', '08:20', '12:30'),
('GH1606', 'summer', 'primary', '08:20', '03:30'),
('GH1606', 'summer', 'secondary', '08:20', '03:30'),
('GH1606', 'summer', 'higher', '08:20', '03:30'),
('GH1606', 'winter', 'playway', '08:50', '01:00'),
('GH1606', 'winter', 'primary', '08:50', '04:00'),
('GH1606', 'winter', 'secondary', '08:50', '04:00'),
('GH1606', 'winter', 'higher', '08:50', '04:00'),
('GH618', 'summer', 'playway', '09:00', '12:30'),
('GH618', 'summer', 'primary', '09:30', '03:00'),
('GH618', 'summer', 'secondary', '09:30', '03:00'),
('GH618', 'summer', 'higher', '09:30', '03:00'),
('GH618', 'winter', 'playway', '09:45', '12:30'),
('GH618', 'winter', 'primary', '10:00', '03:15'),
('GH618', 'winter', 'secondary', '10:00', '03:15'),
('GH618', 'winter', 'higher', '10:00', '03:15'),
('GH1581', 'summer', 'playway', '08:00', '12:30'),
('GH1581', 'summer', 'primary', '08:50', '04:00'),
('GH1581', 'summer', 'secondary', '08:50', '04:00'),
('GH1581', 'summer', 'higher', '08:50', '04:00'),
('GH1581', 'winter', 'playway', '08:30', '12:30'),
('GH1581', 'winter', 'primary', '09:00', '04:30'),
('GH1581', 'winter', 'secondary', '09:00', '04:30'),
('GH1581', 'winter', 'higher', '09:00', '04:30'),
('GU1860', 'summer', 'playway', '08:15', '12:00'),
('GU1860', 'summer', 'primary', '08:15', '02:15'),
('GU1860', 'summer', 'secondary', '08:15', '02:15'),
('GU1860', 'summer', 'higher', '08:15', '02:15'),
('GU1860', 'winter', 'playway', '08:45', '12:15'),
('GU1860', 'winter', 'primary', '08:45', '03:00'),
('GU1860', 'winter', 'secondary', '08:45', '03:00'),
('GU1860', 'winter', 'higher', '08:45', '03:00'),
('GU1222', 'summer', 'playway', '08:30', '12:45'),
('GU1222', 'summer', 'primary', '08:15', '04:00'),
('GU1222', 'summer', 'secondary', '08:15', '04:00'),
('GU1222', 'summer', 'higher', '09:00', '03:00'),
('GU1222', 'winter', 'playway', '09:00', '01:00'),
('GU1222', 'winter', 'primary', '09:00', '02:30'),
('GU1222', 'winter', 'secondary', '09:00', '02:30'),
('GU1222', 'winter', 'higher', '09:00', '03:00'),
('GU1694', 'summer', 'playway', '07:30', '11:30'),
('GU1694', 'summer', 'primary', '07:30', '1:35'),
('GU1694', 'summer', 'secondary', '07:30', '1:35'),
('GU1694', 'summer', 'higher', '07:30', '1:35'),
('GU1694', 'winter', 'playway', '8:00', '12:00'),
('GU1694', 'winter', 'primary', '8:00', '02:00'),
('GU1694', 'winter', 'secondary', '8:00', '02:00'),
('GU1694', 'winter', 'higher', '8:00', '02:00'),
('GU700', 'summer', 'playway', '08:30', '12:30'),
('GU700', 'summer', 'primary', '08:30', '02:30'),
('GU700', 'summer', 'secondary', '08:30', '02:30'),
('GU700', 'summer', 'higher', '08:30', '02:30'),
('GU700', 'winter', 'playway', '08:50', '01:00'),
('GU700', 'winter', 'primary', '08:50', '03:00'),
('GU700', 'winter', 'secondary', '08:50', '03:00'),
('GU700', 'winter', 'higher', '08:50', '03:00'),
('GU1053', 'summer', 'playway', '09:30', '02:00'),
('GU1053', 'summer', 'primary', '09:30', '03:30'),
('GU1053', 'summer', 'secondary', '09:30', '03:30'),
('GU1053', 'summer', 'higher', '09:30', '03:30'),
('GU1053', 'winter', 'playway', '10:00', '02:30'),
('GU1053', 'winter', 'primary', '10:00', '04:00'),
('GU1053', 'winter', 'secondary', '10:00', '04:00'),
('GU1053', 'winter', 'higher', '10:00', '04:00'),
('GU1718', 'summer', 'playway', '09:00', '12:30'),
('GU1718', 'summer', 'primary', '07:30', '02:00'),
('GU1718', 'summer', 'secondary', '07:30', '02:00'),
('GU1718', 'summer', 'higher', '07:30', '02:00'),
('GU1718', 'winter', 'playway', '09:00', '12:30'),
('GU1718', 'winter', 'primary', '07:45', '02:10'),
('GU1718', 'winter', 'secondary', '07:45', '02:10'),
('GU1718', 'winter', 'higher', '07:45', '02:10'),
('GU767', 'summer', 'playway', '09:00', '01:00'),
('GU767', 'summer', 'primary', '09:30', '04:00'),
('GU767', 'summer', 'secondary', '09:30', '04:00'),
('GU767', 'summer', 'higher', '09:30', '04:00'),
('GU767', 'winter', 'playway', '10:00', '02:30'),
('GU767', 'winter', 'primary', '10:00', '04:00'),
('GU767', 'winter', 'secondary', '10:00', '04:00'),
('GU767', 'winter', 'higher', '10:00', '04:00'),
('GU599', 'summer', 'playway', '08:20', '12:30'),
('GU599', 'summer', 'primary', '08:20', '03:30'),
('GU599', 'summer', 'secondary', '08:20', '03:30'),
('GU599', 'summer', 'higher', '08:20', '03:30'),
('GU599', 'winter', 'playway', '08:50', '01:00'),
('GU599', 'winter', 'primary', '08:50', '04:00'),
('GU599', 'winter', 'secondary', '08:50', '04:00'),
('GU599', 'winter', 'higher', '08:50', '04:00'),
('GU1795', 'summer', 'playway', '09:00', '12:30'),
('GU1795', 'summer', 'primary', '09:30', '03:00'),
('GU1795', 'summer', 'secondary', '09:30', '03:00'),
('GU1795', 'summer', 'higher', '09:30', '03:00'),
('GU1795', 'winter', 'playway', '09:45', '12:30'),
('GU1795', 'winter', 'primary', '10:00', '03:15'),
('GU1795', 'winter', 'secondary', '10:00', '03:15'),
('GU1795', 'winter', 'higher', '10:00', '03:15'),
('GU516', 'summer', 'playway', '08:00', '12:30'),
('GU516', 'summer', 'primary', '08:50', '04:00'),
('GU516', 'summer', 'secondary', '08:50', '04:00'),
('GU516', 'summer', 'higher', '08:50', '04:00'),
('GU516', 'winter', 'playway', '08:30', '12:30'),
('GU516', 'winter', 'primary', '09:00', '04:30'),
('GU516', 'winter', 'secondary', '09:00', '04:30'),
('GU516', 'winter', 'higher', '09:00', '04:30'),
('GU1958', 'summer', 'primary', '08:50', '02:00'),
('GU1958', 'summer', 'secondary', '08:50', '02:00'),
('GU1958', 'summer', 'higher', '08:50', '02:00'),
('GU1958', 'winter', 'playway', '08:00', '12:30'),
('GU1958', 'winter', 'primary', '09:00', '03:30'),
('GU1958', 'winter', 'secondary', '09:00', '03:30'),
('GU1958', 'winter', 'higher', '09:00', '03:30'),
('GU1320', 'summer', 'playway', '07:30', '12:30'),
('GU1320', 'summer', 'primary', '07:30', '02:00'),
('GU1320', 'summer', 'secondary', '07:30', '02:00'),
('GU1320', 'summer', 'higher', '07:30', '02:00'),
('GU1320', 'winter', 'playway', '07:30', '12:30'),
('GU1320', 'winter', 'primary', '07:30', '01:30'),
('GU1320', 'winter', 'secondary', '07:30', '01:30'),
('GU1320', 'winter', 'higher', '09:00', '01:30'),
('GU1672', 'summer', 'playway', '08:30', '12:30'),
('GU1672', 'summer', 'primary', '10:00', '03:00'),
('GU1672', 'summer', 'secondary', '10:00', '03:00'),
('GU1672', 'summer', 'higher', '10:00', '03:00'),
('GU1672', 'winter', 'playway', '10:00', '01:00'),
('GU1672', 'winter', 'primary', '10:30', '04:30'),
('GU1672', 'winter', 'secondary', '10:30', '04:30'),
('GU1672', 'winter', 'higher', '10:30', '04:30'),
('GU1346', 'summer', 'playway', '09:30', '01:00'),
('GU1346', 'summer', 'primary', '10:00', '04:00'),
('GU1346', 'summer', 'secondary', '10:00', '04:00'),
('GU1346', 'summer', 'higher', '10:00', '04:00'),
('GU1346', 'winter', 'playway', '09:30', '01:35'),
('GU1346', 'winter', 'primary', '10:30', '05:00'),
('GU1346', 'winter', 'secondary', '10:30', '05:00'),
('GU1346', 'winter', 'higher', '10:30', '05:00'),
('GU912', 'summer', 'playway', '07:30', '12:30'),
('GU912', 'summer', 'primary', '08:00', '03:00'),
('GU912', 'summer', 'secondary', '08:00', '03:00'),
('GU912', 'summer', 'higher', '08:00', '03:00'),
('GU912', 'winter', 'playway', '08:00', '01:00'),
('GU912', 'winter', 'primary', '09:00', '04:00'),
('GU912', 'winter', 'secondary', '09:00', '04:00'),
('GU912', 'winter', 'higher', '09:00', '04:00'),
('GU1455', 'summer', 'playway', '9:00', '12:30'),
('GU1455', 'summer', 'primary', '8:30', '1:30'),
('GU1455', 'summer', 'secondary', '8:30', '2:00'),
('GU1455', 'summer', 'higher', '8:30', '1:30'),
('GU1455', 'winter', 'playway', '10:00', '1:00'),
('GU1455', 'winter', 'primary', '9:00', '2:30'),
('GU1455', 'winter', 'secondary', '9:00', '3:00'),
('GU1455', 'winter', 'higher', '9:00', '2:00'),
('GU921', 'summer', 'playway', '7:30', '12:00'),
('GU921', 'summer', 'primary', '7:30', '1:00'),
('GU921', 'summer', 'secondary', '7:30', '2:00'),
('GU921', 'summer', 'higher', '7:30', '2:00'),
('GU921', 'winter', 'playway', '8:00', '2:00'),
('GU921', 'winter', 'primary', '8:00', '1:15'),
('GU921', 'winter', 'secondary', '8:00', '2:30'),
('GU921', 'winter', 'higher', '8:00', '2:30'),
('GU1462', 'summer', 'playway', '8:15', '12:00'),
('GU1462', 'summer', 'primary', '8:15', '2:00'),
('GU1462', 'summer', 'secondary', '8:15', '2:00'),
('GU1462', 'summer', 'higher', '8:15', '2:00'),
('GU1462', 'winter', 'playway', '9:00', '1:00'),
('GU1462', 'winter', 'primary', '9:00', '3:00'),
('GU1462', 'winter', 'secondary', '9:00', '3:00'),
('GU1462', 'winter', 'higher', '9:00', '3:00'),
('GU1744', 'summer', 'playway', '9:00', '12:30'),
('GU1744', 'summer', 'primary', '8:00', '2:00'),
('GU1744', 'summer', 'secondary', '8:00', '2:00'),
('GU1744', 'summer', 'higher', '8:00', '2:00'),
('GU1744', 'winter', 'playway', '9:00', '1:00'),
('GU1744', 'winter', 'primary', '9:00', '3:00'),
('GU1744', 'winter', 'secondary', '9:00', '3:00'),
('GU1744', 'winter', 'higher', '9:00', '3:00'),
('GU928', 'summer', 'playway', '', ''),
('GU928', 'summer', 'primary', '', ''),
('GU928', 'summer', 'secondary', '', ''),
('GU928', 'summer', 'higher', '', ''),
('GU928', 'winter', 'playway', '', ''),
('GU928', 'winter', 'primary', '', ''),
('GU928', 'winter', 'secondary', '', ''),
('GU928', 'winter', 'higher', '', ''),
('GU1049', 'summer', 'playway', '9:00', '12:20'),
('GU1049', 'summer', 'primary', '8:10', '2:10'),
('GU1049', 'summer', 'secondary', '8:10', '2:10'),
('GU1049', 'summer', 'higher', '8:10', '2:10'),
('GU1049', 'winter', 'playway', '9:00', '12:20'),
('GU1049', 'winter', 'primary', '8:40', '2:40'),
('GU1049', 'winter', 'secondary', '8:40', '2:40'),
('GU1049', 'winter', 'higher', '8:40', '2:40'),
('GU1198', 'summer', 'playway', '8:40', '12:40'),
('GU1198', 'summer', 'primary', '8:40', '2:40'),
('GU1198', 'summer', 'secondary', '8:40', '2:40'),
('GU1198', 'summer', 'higher', '8:40', '2:40'),
('GU1198', 'winter', 'playway', '9:00', '1:00'),
('GU1198', 'winter', 'primary', '9:00', '3:00'),
('GU1198', 'winter', 'secondary', '9:00', '3:00'),
('GU1198', 'winter', 'higher', '9:00', '3:00'),
('GU752', 'summer', 'playway', '9:00', '12:00'),
('GU752', 'summer', 'primary', '7:30', '2:00'),
('GU752', 'summer', 'secondary', '7:30', '2:00'),
('GU752', 'summer', 'higher', '7:30', '2:00'),
('GU752', 'winter', 'playway', '9:30', '12:30'),
('GU752', 'winter', 'primary', '8:30', '3:00'),
('GU752', 'winter', 'secondary', '8:30', '3:00'),
('GU752', 'winter', 'higher', '8:30', '3:00'),
('GU619', 'summer', 'playway', '8:30', '12:00'),
('GU619', 'summer', 'primary', '8:30', '3:00'),
('GU619', 'summer', 'secondary', '8:30', '3:00'),
('GU619', 'summer', 'higher', '8:30', '3:00'),
('GU619', 'winter', 'playway', '8:45', '12:00'),
('GU619', 'winter', 'primary', '8:45', '3:15'),
('GU619', 'winter', 'secondary', '8:45', '3:15'),
('GU619', 'winter', 'higher', '8:45', '3:15'),
('GU1456', 'summer', 'playway', '9:00', '1:00'),
('GU1456', 'summer', 'primary', '10:00', '3:00'),
('GU1456', 'summer', 'secondary', '10:00', '3:00'),
('GU1456', 'summer', 'higher', '10:00', '3:00'),
('GU1456', 'winter', 'playway', '9:00', '1:00'),
('GU1456', 'winter', 'primary', '10:30', '3:30'),
('GU1456', 'winter', 'secondary', '10:30', '3:30'),
('GU1456', 'winter', 'higher', '10:30', '3:30');

--
-- Indexes for dumped tables
--

--
-- Indexes for table `fee`
--
ALTER TABLE `fee`
  ADD KEY `school_id` (`school_id`);

--
-- Indexes for table `infra`
--
ALTER TABLE `infra`
  ADD KEY `school_id` (`school_id`);

--
-- Indexes for table `schools`
--
ALTER TABLE `schools`
  ADD PRIMARY KEY (`school_id`);

--
-- Indexes for table `time`
--
ALTER TABLE `time`
  ADD KEY `school_id` (`school_id`);

--
-- Constraints for dumped tables
--

--
-- Constraints for table `fee`
--
ALTER TABLE `fee`
  ADD CONSTRAINT `fee_ibfk_1` FOREIGN KEY (`school_id`) REFERENCES `schools` (`school_id`);

--
-- Constraints for table `infra`
--
ALTER TABLE `infra`
  ADD CONSTRAINT `infra_ibfk_1` FOREIGN KEY (`school_id`) REFERENCES `schools` (`school_id`);

--
-- Constraints for table `time`
--
ALTER TABLE `time`
  ADD CONSTRAINT `time_ibfk_1` FOREIGN KEY (`school_id`) REFERENCES `schools` (`school_id`);
COMMIT;

/*!40101 SET CHARACTER_SET_CLIENT=@OLD_CHARACTER_SET_CLIENT */;
/*!40101 SET CHARACTER_SET_RESULTS=@OLD_CHARACTER_SET_RESULTS */;
/*!40101 SET COLLATION_CONNECTION=@OLD_COLLATION_CONNECTION */;
